"inlf","hours","kidslt6","kidsge6","age","educ","wage","repwage","hushrs","husage","huseduc","huswage","faminc","mtr","motheduc","fatheduc","unem","city","exper","nwifeinc","lwage","expersq"
1,1610,1,0,32,12,3.35400009155273,2.65000009536743,2708,34,12,4.02880001068115,16310,0.721499979496002,12,7,5,0,14,10.910059928894,1.21015405654907,196
1,1656,0,2,30,12,1.3889000415802,2.65000009536743,2310,30,9,8.44159984588623,21800,0.661499977111816,7,7,11,1,5,19.4999809265137,0.328512102365494,25
1,1980,1,3,35,12,4.54549980163574,4.03999996185303,3072,40,12,3.5806999206543,21040,0.691500008106232,12,7,5,0,15,12.0399103164673,1.51413798332214,225
1,456,0,3,34,12,1.09650003910065,3.25,1920,53,10,3.54169988632202,7300,0.781499981880188,7,7,5,0,6,6.79999589920044,0.0921232998371124,36
1,1568,1,2,31,14,4.59180021286011,3.59999990463257,2000,32,12,10,27300,0.621500015258789,12,14,9.5,1,7,20.1000595092773,1.52427196502686,49
1,2032,0,0,54,12,4.74209976196289,4.69999980926514,1040,57,11,6.71059989929199,19495,0.691500008106232,14,7,7.5,1,33,9.85905361175537,1.55648005008698,1089
1,1440,0,2,37,16,8.33329963684082,5.94999980926514,2670,37,12,3.42770004272461,21152,0.691500008106232,14,7,5,0,11,9.15204811096191,2.12026000022888,121
1,1020,0,0,54,12,7.84310007095337,9.97999954223633,4120,53,8,2.54850006103516,18900,0.691500008106232,3,3,5,0,35,10.9000396728516,2.05963397026062,1225
1,1458,0,2,48,12,2.12619996070862,0,1995,52,4,4.22060012817383,20405,0.751500010490417,7,7,3,0,24,17.3050003051758,0.754336416721344,576
1,1600,0,2,39,12,4.6875,4.15000009536743,2100,43,12,5.71430015563965,20425,0.691500008106232,7,7,5,0,21,12.9250001907349,1.54489898681641,441
1,1969,0,1,33,12,4.06300020217896,4.30000019073486,2450,34,12,9.79590034484863,32300,0.581499993801117,12,3,5,0,15,24.2999496459961,1.40192198753357,225
1,1960,0,1,42,11,4.59180021286011,4.57999992370605,2375,47,14,8,28700,0.621500015258789,14,7,5,0,14,19.7000694274902,1.52427196502686,196
1,240,1,2,30,12,2.08330011367798,0,2830,33,16,5.30039978027344,15500,0.721499979496002,16,16,5,0,0,15.0000095367432,0.733953177928925,0
1,997,0,2,43,12,2.26679992675781,3.5,3317,46,12,4.34130001068115,16860,0.721499979496002,10,10,7.5,1,14,14.6000003814697,0.818369090557098,196
1,1848,0,1,43,10,3.67969989776611,3.38000011444092,2024,45,17,10.8699998855591,31431,0.581499993801117,7,7,7.5,1,6,24.6309108734131,1.30283105373383,36
1,1224,0,3,35,11,1.34720003604889,0,1694,38,12,9.14990043640137,19180,0.721499979496002,16,10,7.5,1,9,17.5310306549072,0.298028409481049,81
1,1400,0,2,43,12,3.21429991722107,4,2156,45,12,6.12239980697632,18600,0.691500008106232,10,7,7.5,1,20,14.0999803543091,1.16761004924774,400
1,640,0,5,39,12,5.17500019073486,2.25,2250,40,12,6.14979982376099,19151,0.721499979496002,12,12,7.5,1,6,15.83899974823,1.64383900165558,36
1,2000,0,0,45,12,2,2.29999995231628,2024,51,11,6.91699981689453,18100,0.691500008106232,7,7,5,1,23,14.1000003814697,0.6931471824646,529
1,1324,0,4,35,12,7.5528998374939,3.94000005722046,2123,40,10,4.71029996871948,20300,0.691500008106232,12,7,5,0,9,10.2999601364136,2.02193188667297,81
1,2215,0,2,42,16,3.50519990921021,3.29999995231628,4160,48,16,3.13100004196167,30419,0.621500015258789,10,16,7.5,0,5,22.6549797058105,1.25424802303314,25
1,1680,0,0,30,12,3.57139992713928,3.79999995231628,2000,35,12,4,14090,0.721499979496002,12,10,3,0,11,8.09004783630371,1.27295804023743,121
1,1600,0,0,48,13,3.25,3.25999999046326,2420,52,17,7.22270011901855,22679,0.661499977111816,7,3,5,1,18,17.4790000915527,1.1786550283432,324
1,800,0,0,45,12,3.25,2.20000004768372,1150,53,17,7.96519994735718,12160,0.721499979496002,7,7,11,0,15,9.5600004196167,1.1786550283432,225
1,1955,1,1,31,12,2.15450000762939,2.29999995231628,2024,31,12,4.08839988708496,12487,0.751500010490417,12,7,5,1,4,8.27495288848877,0.767558693885803,16
1,660,0,2,43,17,3.7878999710083,0,1904,43,17,14.1809997558594,29850,0.581499993801117,16,14,9.5,1,21,27.3499908447266,1.33181202411652,441
1,525,0,0,59,12,4,3.1800000667572,2448,53,16,6.5359001159668,18100,0.691500008106232,3,7,9.5,1,31,16,1.38629400730133,961
1,1904,0,3,32,12,4.72690010070801,6.07000017166138,2000,33,13,8.5,26000,0.661499977111816,3,7,11,1,9,16.9999809265137,1.55326998233795,81
1,1516,1,0,31,17,7.25589990615845,6,2390,30,17,6.27619981765747,26100,0.621500015258789,12,12,5,0,7,15.1000604629517,1.9818149805069,49
1,346,0,0,42,12,5.86709976196289,6.3899998664856,1920,47,10,5.20830011367798,17730,0.721499979496002,12,12,9.5,0,7,15.6999797821045,1.76935994625092,49
1,1040,0,0,50,11,1.53849995136261,0,1840,53,10,2.7820999622345,6719,0.751500010490417,7,7,7.5,1,32,5.11895990371704,0.430807888507843,1024
1,732,0,0,59,16,2.45900011062622,2.5,3360,57,17,4.91069984436035,18550,0.691500008106232,3,3,14,1,11,16.7500095367432,0.899754822254181,121
1,1880,0,2,36,13,5.85109996795654,5.19999980926514,2284,35,13,5.8668999671936,24600,0.661499977111816,12,10,7.5,0,16,13.5999298095703,1.7666300535202,256
1,1680,0,1,51,12,3.57139992713928,3.28999996185303,1875,50,8,7.51999998092651,23100,0.691500008106232,7,14,5,1,14,17.1000499725342,1.27295804023743,196
1,2081,0,3,45,16,3.80679988861084,4.19000005722046,2140,47,17,7.54489994049072,24656,0.661499977111816,12,12,5,1,27,16.7340507507324,1.33678901195526,729
1,690,0,1,42,11,2.46379995346069,0,1896,44,8,5.53800010681152,15897,0.751500010490417,10,3,7.5,0,0,14.1969804763794,0.901704788208008,0
1,4210,0,0,46,12,2.37529993057251,4.63000011444092,1040,49,16,6.92309999465942,20320,0.691500008106232,3,3,11,1,17,10.3199901580811,0.865123689174652,289
1,2205,0,1,46,10,4.53509998321533,4.55000019073486,2200,52,12,5,21384,0.661499977111816,10,3,11,0,28,11.3840999603271,1.51184701919556,784
1,1952,0,0,51,14,5.61829996109009,5.59999990463257,1952,58,12,7.30639982223511,25561,0.621500015258789,7,7,14,0,24,14.5940799713135,1.72602903842926,576
1,1302,0,0,30,17,14.6309995651245,9.52999973297119,1560,30,17,11.2180004119873,36550,0.579999983310699,14,17,5,1,11,17.5004405975342,2.6831419467926,121
1,112,1,2,30,12,2.67860007286072,0,4030,33,16,3.84619998931885,15810,0.721499979496002,12,12,3,0,1,15.5100002288818,0.985294282436371,1
1,893,0,0,57,12,3.91939997673035,3.5,2570,58,12,5.83659982681274,25500,0.621500015258789,9,9,7.5,1,14,21.9999809265137,1.36593902111053,196
1,583,1,2,31,16,2.57290005683899,9.97999954223633,1530,34,16,13.7250003814697,24000,0.661499977111816,14,16,9.5,1,6,22.5,0.945033729076385,36
1,480,0,2,48,12,4.53749990463257,4.65000009536743,3149,48,8,6.34929990768433,22172,0.661499977111816,3,3,5,0,10,19.9939994812012,1.51237595081329,100
1,1900,0,3,30,12,2,2.23000001907349,2690,32,12,5.25279998779297,17930,0.721499979496002,12,7,5,0,6,14.1300001144409,0.6931471824646,36
1,576,0,2,34,12,3.4721999168396,3.83999991416931,3096,33,12,1.30750000476837,7000,0.781499981880188,12,7,3,0,4,5.00001287460327,1.24478805065155,16
1,2056,0,2,48,16,2.01609992980957,0,2552,53,16,2.79979991912842,25300,0.721499979496002,14,16,5,1,10,21.154899597168,0.701164901256561,100
1,1984,0,0,45,12,4.57159996032715,4.82000017166138,2040,47,11,2.69609999656677,16212,0.721499979496002,10,10,11,0,22,7.14194583892822,1.51986300945282,484
1,2640,0,0,51,12,2.27270007133484,0,2180,50,13,7.56879997253418,22650,0.661499977111816,7,7,3,0,16,16.6500701904297,0.820968627929688,256
1,240,0,2,30,12,2.63750004768372,0,1864,37,12,3.4077000617981,6985,0.781499981880188,12,7,14,0,6,6.35200023651123,0.969831526279449,36
1,1173,0,1,46,12,2.28990006446838,2.5,2068,46,12,6.54010009765625,30000,0.691500008106232,7,7,11,1,12,27.3139495849609,0.828508198261261,144
1,3640,0,0,58,12,1.09889996051788,0,2010,58,12,7.21390008926392,18500,0.691500008106232,7,3,9.5,1,32,14.5,0.0943095982074738,1024
1,340,0,8,37,12,1.1764999628067,0,2152,40,10,6.27320003509521,16658,0.751500010490417,12,7,5,0,15,16.2579898834229,0.162543892860413,225
1,500,0,0,52,8,1.60000002384186,0,1496,54,11,5.88240003585815,10300,0.751500010490417,7,7,5,1,17,9.5,0.470003604888916,289
1,1599,0,0,52,10,1.87619996070862,2.79999995231628,2100,47,4,3.80949997901917,11000,0.751500010490417,7,3,7.5,0,34,7.99995613098145,0.629248380661011,1156
1,1830,0,0,31,16,4.04370021820068,4.19999980926514,1960,35,14,6.37760019302368,19900,0.691500008106232,12,12,7.5,1,9,12.5000295639038,1.39716005325317,81
1,1920,0,0,55,14,9.63539981842041,8.75,1985,55,15,6.04530000686646,32500,0.639999985694885,7,7,14,1,37,14.0000295639038,2.26544404029846,1369
1,2052,0,0,34,17,8.04090023040771,8.25,2020,33,17,8.81190013885498,37300,0.579999983310699,17,17,7.5,1,10,20.80006980896,2.0845410823822,100
1,2312,0,0,55,14,4.59899997711182,5.57999992370605,2178,56,16,8.87650012969971,30018,0.581499993801117,17,7,11,1,35,19.3851108551025,1.525838971138,1225
1,196,0,2,39,12,2.14289999008179,2.5,3684,39,12,3.34200000762939,12807,0.751500010490417,12,7,14,1,6,12.3869895935059,0.762160122394562,36
1,2500,0,3,40,14,4.40000009536743,5.5,5010,42,13,3.18359994888306,39500,0.551500022411346,14,3,7.5,0,19,28.5,1.481605052948,361
1,1980,0,4,43,12,3.53539991378784,3.75,1880,47,12,6.9148998260498,22050,0.691500008106232,12,12,9.5,1,10,15.0499095916748,1.26282596588135,100
1,1840,0,0,48,8,2.71740007400513,4.80000019073486,1904,56,8,5.51469993591309,15500,0.721499979496002,7,7,14,1,11,10.4999799728394,0.999675571918488,121
1,320,0,0,47,12,6.25,6.25,2083,47,12,5.28079986572266,13810,0.721499979496002,7,7,9.5,1,15,11.8100004196167,1.83258199691772,225
1,419,0,4,41,12,11.9329996109009,6.30000019073486,2125,44,12,3.20000004768372,11950,0.751500010490417,7,7,5,1,12,6.95007276535034,2.47930788993835,144
1,1880,0,0,36,8,3.59310007095337,3.75,1985,37,12,5.87909984588623,19175,0.691500008106232,12,12,7.5,0,12,12.4199695587158,1.27901494503021,144
1,72,0,2,46,17,6.9443998336792,0,2640,48,17,6.25,17900,0.691500008106232,12,16,7.5,0,14,17.3999996185303,1.93793594837189,196
1,120,0,0,34,12,2.91669988632202,0,2070,51,8,7.48789978027344,15850,0.721499979496002,12,7,5,1,11,15.5,1.07045304775238,121
1,1885,0,3,41,12,3.07690000534058,2.90000009536743,2107,48,8,6.97669982910156,27017,0.691500008106232,7,7,5,1,9,21.2170391082764,1.12392294406891,81
1,240,0,1,51,12,3.75,0,2250,54,10,8,18900,0.691500008106232,12,7,5,0,24,18,1.32175600528717,576
1,1729,0,0,33,12,5.72590017318726,4.76000022888184,2880,34,16,4.1318998336792,21800,0.691500008106232,12,12,7.5,1,12,11.899920463562,1.74500000476837,144
1,1850,0,0,52,12,3.67569994926453,3.40000009536743,1848,53,12,14.4759998321533,33552,0.551500022411346,10,10,7.5,1,13,26.7519607543945,1.30174398422241,169
1,2033,0,0,58,9,5.16480016708374,4.32000017166138,1927,53,7,5.73430013656616,22650,0.661499977111816,7,9,7.5,1,29,12.149959564209,1.64186596870422,841
1,608,2,4,34,10,8.22369956970215,3,1304,38,9,3.37420010566711,15200,0.791499972343445,0,0,7.5,1,11,10.199990272522,2.10701990127563,121
1,1153,0,1,31,12,4.33650016784668,4.51999998092651,3000,35,12,1.83329999446869,13120,0.721499979496002,7,10,7.5,1,13,8.12001514434814,1.46706795692444,169
1,2208,0,1,48,12,4.98190021514893,5.30999994277954,1892,52,12,5.60249996185303,21660,0.661499977111816,12,14,5,1,19,10.6599597930908,1.6058109998703,361
1,252,0,2,32,12,0.357100009918213,0,3644,32,12,4.2975001335144,18190,0.721499979496002,7,7,3,0,2,18.1000099182129,-1.02973902225494,4
1,337,0,0,49,17,2.96740007400513,0,1430,47,17,3.916100025177,9600,0.751500010490417,3,3,14,1,24,8.59998607635498,1.08768594264984,576
1,90,2,2,32,15,1,0,2350,31,14,4.8786997795105,13755,0.751500010490417,10,12,7.5,1,9,13.664999961853,0,81
1,1174,0,0,58,12,2.55539989471436,4.86999988555908,1948,59,16,9.24020004272461,35350,0.661499977111816,7,12,7.5,1,6,32.3499603271484,0.938208699226379,36
1,372,0,0,50,6,0.860199987888336,2.25,1804,42,12,6.65189981460571,12405,0.721499979496002,12,7,7.5,1,22,12.0850095748901,-0.150590404868126,484
1,30,0,0,60,14,1,0,2326,51,12,4.62169981002808,12180,0.751500010490417,12,17,9.5,0,30,12.1499996185303,0,900
1,1800,0,1,50,12,2.92610001564026,0,1739,55,11,9.97410011291504,22962,0.661499977111816,7,3,7.5,1,10,17.6950206756592,1.07367098331451,100
1,282,0,0,56,14,3.54609990119934,2.5,1176,57,17,20.9179992675781,25700,0.621500015258789,7,7,9.5,1,6,24.7000007629395,1.26584804058075,36
1,720,0,0,51,9,1.62639999389648,2.20000004768372,1100,55,8,1.94000005722046,3305,0.791499972343445,7,7,3,0,29,2.13399195671082,0.486369013786316,841
1,1440,0,1,54,17,8.33329963684082,6,1528,58,17,8.8351001739502,32950,0.581499993801117,7,12,5,1,29,20.9500503540039,2.12026000022888,841
1,2100,0,0,59,13,3.0952000617981,2.95000004768372,2250,52,15,4.66669988632202,17000,0.691500008106232,7,7,5,1,36,10.5000801086426,1.12985301017761,1296
1,1000,0,2,46,9,2.70000004768372,2.34999990463257,1927,47,10,5.18940019607544,13250,0.751500010490417,7,7,5,1,19,10.5500001907349,0.993251800537109,361
1,952,0,1,46,15,5.25209999084473,0,2414,47,16,18.7240009307861,50750,0.441500008106232,7,12,5,1,8,45.75,1.65862798690796,64
1,1413,1,3,39,12,1.41540002822876,2.20000004768372,768,49,8,10.4169998168945,15632,0.771499991416931,10,10,14,0,13,13.6320400238037,0.347412198781967,169
1,2100,0,2,44,12,4.79860019683838,4.84999990463257,1984,43,14,8.84580039978027,28316,0.621500015258789,7,0,11,1,16,18.2389392852783,1.568323969841,256
1,120,2,0,33,12,1.66670000553131,2.36999988555908,2246,36,12,7.56899976730347,17290,0.721499979496002,12,12,9.5,1,11,17.0900001525879,0.510845601558685,121
1,3000,1,2,33,12,1.12170004844666,0,3024,30,17,4.45069980621338,33600,0.621500015258789,10,10,7.5,1,15,30.234899520874,0.114845402538776,225
1,1000,0,2,48,12,0.5,0,2921,52,12,9.32040023803711,29200,0.621500015258789,12,7,9,1,6,28.7000007629395,-0.6931471824646,36
1,336,0,4,31,12,0.714299976825714,0,2045,37,17,9.16870021820068,19870,0.691500008106232,7,7,11,0,13,19.6299991607666,-0.336452305316925,169
1,1216,0,1,45,12,2.79609990119934,2.90000009536743,1928,44,12,6.48339986801147,16225,0.721499979496002,7,7,11,0,22,12.8249397277832,1.02822601795197,484
1,988,0,1,45,12,4.85830020904541,4.5,1920,44,10,7.8125,28600,0.691500008106232,7,3,5,1,24,23.7999992370605,1.58068895339966,576
1,2581,0,2,32,13,1.74349999427795,2.59999990463257,2280,37,17,11.4040002822876,30800,0.581499993801117,14,12,7.5,1,2,26.3000297546387,0.555894613265991,4
1,2030,0,0,47,12,2.46309995651245,2.79999995231628,2300,47,17,5.08699989318848,25700,0.691500008106232,7,7,3,0,6,20.6999092102051,0.901420712471008,36
1,413,0,2,34,13,2.42129993438721,3,2480,35,13,6.97580003738403,27000,0.621500015258789,12,12,3,0,2,26,0.884304583072662,4
1,782,0,1,37,12,1.53450000286102,2.29999995231628,1135,34,10,5.28630018234253,12077,0.771499991416931,12,7,9.5,1,2,10.8770198822021,0.428204596042633,4
1,1388,0,1,36,12,2.88179993629456,1.87000000476837,1384,39,12,11.5620002746582,29612,0.661499977111816,7,7,11,0,14,25.612060546875,1.05841505527496,196
1,1450,1,2,47,12,2.40689992904663,3,1848,50,14,8.60610008239746,24479,0.691500008106232,7,10,9.5,1,9,20.9889907836914,0.87833958864212,81
1,1720,0,1,48,16,5.23260021209717,4.67999982833862,2499,46,17,12.8050003051758,79750,0.441500008106232,14,14,7.5,1,11,70.7499313354492,1.65490794181824,121
1,800,0,2,42,12,3.75,2.5,2390,43,12,6.69460010528564,20050,0.691500008106232,12,7,11,0,9,17.0499992370605,1.32175600528717,81
1,360,0,3,33,13,1.3889000415802,0,2400,44,14,8.33329963684082,21500,0.691500008106232,10,12,11,1,6,21,0.328512102365494,36
1,2000,0,0,46,11,4,4.6100001335144,1920,53,8,4.16669988632202,16120,0.691500008106232,7,7,5,0,19,8.11999988555908,1.38629400730133,361
1,1176,0,3,47,12,3.23130011558533,3.34999990463257,2301,48,13,5.47590017318726,24686,0.721499979496002,7,7,9.5,0,26,20.8859901428223,1.17288494110107,676
1,2058,0,1,44,12,3.40140008926392,3.79999995231628,1944,43,10,5.14400005340576,24669,0.691500008106232,7,10,9.5,1,19,17.6689205169678,1.22418701648712,361
1,900,0,4,36,12,1.33329999446869,2.20000004768372,2100,37,17,11.6669998168945,26400,0.661499977111816,7,7,7.5,1,3,25.2000293731689,0.287657111883163,9
1,215,2,0,31,17,9.30230045318604,9.97999954223633,1920,32,16,7.29169988632202,16245,0.721499979496002,12,12,7.5,1,7,14.2450103759766,2.23026204109192,49
1,2000,0,0,55,14,4.5,4.36999988555908,2880,55,14,4.86110019683838,23300,0.661499977111816,7,7,9.5,1,28,14.3000001907349,1.50407695770264,784
1,757,0,1,45,16,4.62349987030029,4.5,1932,48,16,12.1639995574951,27200,0.621500015258789,12,7,9.5,1,13,23.7000102996826,1.53115200996399,169
1,1264,0,0,47,17,3.9556999206543,0,3234,48,17,10.8229999542236,51000,0.461499989032745,10,17,9.5,1,9,46,1.37515795230865,81
1,2064,0,3,46,12,5.81400012969971,6,2805,47,12,12.4779996871948,55000,0.461499989032745,10,7,14,1,15,42.9999008178711,1.76026904582977,225
1,1280,0,0,49,11,0.5,0,2272,52,9,6.16200017929077,15389,0.721499979496002,7,7,7.5,1,20,14.7489995956421,-0.6931471824646,400
1,1715,0,0,49,12,4.08160018920898,3.75,2227,52,14,7.18459987640381,23150,0.661499977111816,7,7,9.5,1,29,16.1500492095947,1.40648901462555,841
1,2000,0,2,45,12,6,4.94999980926514,1720,49,6,7.09299993515015,29774,0.621500015258789,7,10,14,1,9,17.7740001678467,1.79175901412964,81
1,12,1,3,38,17,3.66669988632202,0,2300,38,13,17.826000213623,91044,0.441500008106232,12,10,14,1,1,91,1.29929196834564,1
1,1528,0,0,47,10,3.86129999160767,2.95000004768372,3410,50,12,6.39300012588501,28200,0.581499993801117,7,12,14,1,8,22.2999305725098,1.35100400447845,64
1,561,0,3,54,13,2.76290011405945,2.52999997138977,2304,57,16,11.7189998626709,36150,0.551500022411346,7,7,9.5,1,19,34.6000099182129,1.0162810087204,361
1,2058,0,0,41,11,2.93099999427795,2.90000009536743,1984,42,12,4.78830003738403,15652,0.721499979496002,12,12,7.5,0,23,9.62000179290771,1.07534396648407,529
1,1823,0,2,43,12,4.38840007781982,4.19999980926514,1890,33,14,4.23280000686646,18900,0.751500010490417,14,7,11,0,3,10.8999500274658,1.47896504402161,9
1,1680,1,1,31,16,5.41669988632202,4.69999980926514,1970,32,12,7.10659980773926,23600,0.661499977111816,12,10,7.5,0,13,14.4999399185181,1.68948698043823,169
1,1440,0,0,47,17,9.86110019683838,7.09999990463257,2400,46,12,8.33329963684082,36200,0.610000014305115,7,7,7.5,1,8,22.0000190734863,2.28859806060791,64
1,4950,0,2,35,12,0.16159999370575,2.75,2504,37,12,6.98880004882812,18700,0.691500008106232,10,10,7.5,0,17,17.9000797271729,-1.82263100147247,289
1,1176,0,3,45,16,0.382600009441376,3.75,2398,48,17,9.59130001068115,24125,0.661499977111816,7,7,11,1,4,23.6750602722168,-0.960765182971954,16
1,1100,1,0,33,12,3.63639998435974,3.57999992370605,1960,39,12,6.02040004730225,15800,0.721499979496002,7,7,7.5,0,15,11.7999601364136,1.29099404811859,225
1,1516,0,1,54,16,2.37470006942749,2.40000009536743,2550,55,12,2.96860003471375,19742,0.721499979496002,12,7,3,0,11,16.1419506072998,0.864871084690094,121
1,900,0,4,35,8,4.66669988632202,3.95000004768372,2500,41,12,7,22600,0.691500008106232,10,7,9.5,0,7,18.3999691009521,1.540452003479,49
1,1080,1,2,31,12,1.85189998149872,2.25,2164,37,10,7.16270017623901,17500,0.721499979496002,7,7,7.5,0,0,15.4999504089355,0.616212129592896,0
1,480,0,0,55,12,5.19999980926514,0,2640,60,12,4.73640012741089,19820,0.691500008106232,7,7,7.5,0,0,17.3239994049072,1.64865899085999,0
1,288,0,2,34,12,3.2985999584198,4.61999988555908,1936,36,12,8.7810001373291,20155,0.691500008106232,12,16,11,1,10,19.2049999237061,1.19349801540375,100
1,1875,0,1,38,13,8.53330039978027,8.5,2136,41,12,9.83150005340576,37300,0.579999983310699,10,12,7.5,1,8,21.3000602722168,2.14397597312927,64
1,630,0,1,45,11,2.06349992752075,0,1955,51,10,6.6496000289917,24860,0.721499979496002,7,7,7.5,1,2,23.5599994659424,0.724403619766235,4
1,234,0,1,47,12,2.56410002708435,2.5,1980,48,10,9.84850025177002,21450,0.661499977111816,12,3,7.5,1,4,20.8500003814697,0.941607475280762,16
1,1600,0,2,39,12,2.1875,0,2550,42,11,9.80389976501465,29650,0.621500015258789,7,7,5,1,6,26.1499996185303,0.782759428024292,36
1,960,1,0,36,14,6.25,0,2058,37,13,8.26039981842041,23000,0.661499977111816,7,7,11,1,18,17,1.83258199691772,324
1,120,1,2,33,12,3.33330011367798,0,2263,32,14,9.06760025024414,21120,0.691500008106232,7,7,9,1,3,20.7199993133545,1.20396304130554,9
1,2025,0,0,50,12,4.4443998336792,4.80000019073486,1763,54,13,8.50819969177246,26000,0.621500015258789,7,12,5,1,22,17.0000896453857,1.49164497852325,484
1,1809,0,0,58,12,6.63350009918213,6.44999980926514,2096,59,14,7.1564998626709,28000,0.621500015258789,3,7,7.5,1,33,16,1.89213299751282,1089
1,3087,0,0,49,17,8.42240047454834,9.97999954223633,2059,47,13,7.0423002243042,45500,0.519999980926514,12,12,11,1,28,19.5000495910645,2.13089489936829,784
1,910,0,2,41,14,4.39559984207153,0,1820,40,17,6.59340000152588,16000,0.721499979496002,16,12,14,1,23,12,1.48060405254364,529
1,1840,0,1,51,12,2.44569993019104,2.5,2832,53,8,4.34569978713989,18232,0.691500008106232,7,14,11,0,27,13.7319097518921,0.894331276416779,729
1,784,0,0,53,9,1.22449994087219,2.25,1990,60,10,7.23619985580444,28160,0.721499979496002,3,7,14,1,11,27.1999893188477,0.20253250002861,121
1,400,1,2,36,12,1.625,0,2000,40,7,1.74000000953674,5965,0.801500022411346,12,7,11,1,6,5.31500005722046,0.485507786273956,36
1,1000,0,2,46,12,3,5.5,1885,46,12,6.89659976959229,19000,0.721499979496002,7,7,9.5,1,11,16,1.09861195087433,121
1,1904,0,2,36,12,4.72690010070801,4.19999980926514,2860,37,12,5.04549980163574,36872,0.551500022411346,12,12,11,1,14,27.8719806671143,1.55326998233795,196
1,1771,0,1,53,14,1.12929999828339,9.97999954223633,1913,48,16,17.25,42000,0.491499990224838,12,12,14,1,17,40.0000114440918,0.121597997844219,289
1,1486,0,3,40,16,7.40240001678467,6.25,1800,54,16,8.33329963684082,26900,0.621500015258789,16,14,11,1,17,15.9000301361084,2.00180411338806,289
1,740,0,2,42,17,4.45949983596802,1.64999997615814,2880,45,16,9.375,30800,0.581499993801117,12,10,9,0,14,27.4999694824219,1.49503695964813,196
1,1820,1,1,33,15,2.47250008583069,0,1993,32,16,8.2790002822876,21520,0.691500008106232,12,12,11,1,11,17.0200500488281,0.905229806900024,121
1,1275,0,3,43,12,1.88240003585815,3,2250,47,14,4.5,24795,0.691500008106232,7,7,7.5,1,7,22.3949394226074,0.632547616958618,49
1,450,1,0,31,16,4,4,2286,30,16,4.19950008392334,12900,0.721499979496002,14,16,14,1,8,11.1000003814697,1.38629400730133,64
1,1221,0,0,47,17,8.1899995803833,5.98999977111816,1880,47,16,16.0639991760254,42700,0.491499990224838,7,7,7.5,1,6,32.700008392334,2.10291409492493,36
1,1550,0,0,54,17,7.09679985046387,6,2350,58,17,11.2770004272461,38800,0.521499991416931,10,17,11,1,8,27.7999591827393,1.95964395999908,64
1,180,1,3,33,12,1.66670000553131,0,3640,33,11,0.549399971961975,2500,0.941500008106232,7,3,3,0,4,2.19999408721924,0.510845601558685,16
1,2090,0,0,43,16,3.4449999332428,3.84999990463257,1770,47,14,9.54800033569336,26921,0.621500015258789,14,10,11,1,25,19.7209491729736,1.23692405223846,625
1,1960,0,1,46,13,4.23470020294189,4.19999980926514,1875,49,13,5.33330011367798,18300,0.691500008106232,7,9,3,0,24,9.99998760223389,1.44331300258636,576
1,1440,0,3,35,12,2.7778000831604,4.09999990463257,2200,38,9,5.45450019836426,17200,0.721499979496002,7,7,14,1,11,13.1999702453613,1.02165901660919,121
1,794,0,3,37,11,1.88919997215271,3.84999990463257,2033,39,12,5.90259981155396,14209,0.751500010490417,12,3,9.5,1,19,12.7089700698853,0.636153519153595,361
1,993,0,2,37,16,5.03520011901855,8.30000019073486,2739,39,17,9.85760021209717,32300,0.581499993801117,12,16,14,1,9,27.3000507354736,1.61645305156708,81
1,160,0,3,34,14,1.25,0,1626,38,14,11.6850004196167,21400,0.721499979496002,17,12,7.5,1,19,21.2000007629395,0.223143503069878,361
1,105,1,0,43,16,2.85710000991821,0,2248,44,17,6.22779989242554,14700,0.721499979496002,7,7,9.5,0,14,14.3999996185303,1.0498069524765,196
1,1200,0,0,46,12,4.11670017242432,4.32999992370605,2140,48,12,9.17479991912842,25516,0.621500015258789,7,7,9.5,1,22,20.5759601593018,1.41505205631256,484
1,450,0,3,35,9,1.77779996395111,2.59999990463257,1985,42,12,6.29720020294189,13300,0.751500010490417,3,7,5,1,6,12.4999904632568,0.575376570224762,36
1,996,0,0,46,17,13.5539999008179,9.97999954223633,1528,59,17,10.4709997177124,31000,0.581499993801117,12,12,9.5,1,23,17.5002193450928,2.60668206214905,529
1,1052,0,0,46,14,4.56269979476929,4.90000009536743,1920,48,16,14.5830001831055,48800,0.491499990224838,7,3,11,1,15,44.0000381469727,1.51791501045227,225
1,1128,0,2,43,12,2.12770009040833,2.40000009536743,1918,46,10,6.21430015563965,15519,0.721499979496002,7,7,14,1,6,13.1189498901367,0.755041599273682,36
1,1840,0,0,30,12,2.98909997940063,3.75,2112,30,12,6.62879991531372,19500,0.691500008106232,7,7,7.5,0,11,14.0000600814819,1.09497201442719,121
1,1910,0,2,41,11,2.56539988517761,2.5699999332428,2144,46,9,3.82459998130798,14545,0.721499979496002,3,7,5,0,2,9.64508628845215,0.942114412784576,4
1,980,0,1,54,12,5.6121997833252,5,1920,54,15,7.8125,22897,0.691500008106232,7,7,14,1,22,17.3970508575439,1.72494304180145,484
1,2317,0,1,31,12,2.80539989471436,3.86999988555908,2241,41,9,3.48060011863708,14300,0.721499979496002,10,10,7.5,1,10,7.799889087677,1.03154599666595,100
1,1089,0,0,44,10,1.60699999332428,0,880,47,11,5.55000019073486,14884,0.751500010490417,10,10,9.5,1,14,13.1339797973633,0.47436910867691,196
1,800,0,1,32,12,2.25,0,2070,31,16,11.5939998626709,27400,0.621500015258789,12,7,11,1,12,25.6000003814697,0.810930192470551,144
1,1230,0,0,47,5,2.03250002861023,2.8199999332428,1050,53,5,9.52379989624023,16400,0.721499979496002,7,12,14,1,9,13.9000301361084,0.709266602993011,81
1,1158,0,1,46,17,5.53200006484985,8.10000038146973,2635,57,17,7.28049993515015,25704,0.621500015258789,14,17,7.5,0,13,19.2979393005371,1.71054899692535,169
1,2272,0,0,37,11,1.58449995517731,3.71000003814697,3000,47,8,3,12800,0.721499979496002,10,10,7.5,0,18,9.20001602172852,0.460268914699554,324
1,528,0,2,51,12,3.7878999710083,0,2500,50,11,10.3999996185303,40000,0.621500015258789,7,7,7.5,0,8,37.9999885559082,1.33181202411652,64
1,1000,0,1,49,12,3,0,1990,49,12,10.0500001907349,47000,0.661499977111816,7,7,14,1,11,44,1.09861195087433,121
1,520,0,4,36,14,8.65380001068115,0,2390,37,13,8.78660011291504,25872,0.661499977111816,10,12,9.5,1,9,21.3720207214355,2.15799903869629,81
1,760,0,1,39,11,4.21049976348877,3.95000004768372,1430,44,12,10.1400003433228,26868,0.691500008106232,12,7,9.5,1,9,23.6680202484131,1.4375809431076,81
1,1920,0,2,48,12,4.6875,4.30000019073486,1800,50,8,5,18000,0.691500008106232,12,12,9.5,1,14,9,1.54489898681641,196
1,1220,0,2,38,14,4.0984001159668,4.84000015258789,2103,43,17,11.8879995346069,30200,0.581499993801117,7,7,5,1,9,25.1999492645264,1.41059696674347,81
1,200,0,2,40,12,25,3,1350,42,12,13.3330001831055,26220,0.661499977111816,7,7,7.5,1,2,21.2199993133545,3.21887588500977,4
1,2480,1,5,39,10,2.6331000328064,4.19999980926514,2880,36,17,8.6806001663208,40500,0.581499993801117,7,7,3,0,12,33.9699096679688,0.968161880970001,144
1,2750,0,0,37,16,6,9,2400,43,17,7.29169988632202,33570,0.610000014305115,12,7,7.5,1,15,17.0699996948242,1.79175901412964,225
1,2014,0,1,49,13,5.41260004043579,4.05000019073486,1135,47,12,3.52419996261597,16917,0.721499979496002,7,14,14,1,11,6.01602411270142,1.68873000144958,121
1,1355,0,3,33,12,0.664200007915497,1,2750,35,17,6.18179988861084,18000,0.721499979496002,12,7,9.5,0,7,17.1000099182129,-0.409171998500824,49
1,80,0,0,30,12,1.25,0,2085,32,16,2.97550010681152,8337,0.751500010490417,12,12,11,1,9,8.23700046539307,0.223143503069878,81
1,1670,0,0,54,12,2.27539992332458,2.09999990463257,2600,56,8,4.57690000534058,17100,0.721499979496002,12,7,9.5,0,19,13.3000802993774,0.822155773639679,361
1,520,0,4,39,11,3.4614999294281,3.04999995231628,3542,40,12,3.10560011863708,17800,0.751500010490417,10,7,11,0,11,16.0000190734863,1.24170196056366,121
1,288,0,3,43,12,4.16669988632202,3,1975,43,12,5.82280015945435,13740,0.751500010490417,12,12,14,1,8,12.5399904251099,1.4271240234375,64
1,2014,0,3,31,9,4.46869993209839,4.26000022888184,2400,32,12,7.5,27000,0.621500015258789,10,3,9.5,1,13,18.0000400543213,1.49709701538086,169
1,800,0,3,33,13,1.75,0,3000,37,14,8.33329963684082,32600,0.621500015258789,12,7,7.5,1,4,31.2000007629395,0.559615790843964,16
1,1984,0,3,40,12,3.66939997673035,4.25,1960,39,14,9.23470020294189,28030,0.661499977111816,12,12,14,1,7,20.7499103546143,1.30002796649933,49
1,1823,0,1,36,12,6.58260011672974,6,2000,39,9,5.5,23100,0.661499977111816,12,12,3,0,19,11.0999202728271,1.88443005084991,361
1,1500,0,0,51,12,2.59999990463257,2,3000,51,12,6,24580,0.661499977111816,7,7,9.5,1,14,20.6800003051758,0.955511391162872,196
1,2261,0,1,44,13,4.86509990692139,5.5,2400,43,12,6.66669988632202,29000,0.621500015258789,12,7,9.5,1,14,18.0000095367432,1.58208703994751,196
1,1728,0,3,42,16,5.78700017929077,6.25,2450,48,14,13.0609998703003,42430,0.521499991416931,12,14,9.5,1,3,32.4300689697266,1.7556140422821,9
1,1960,0,1,40,12,4.54080009460449,5,2423,40,8,12.793999671936,41800,0.521499991416931,12,12,7.5,1,9,32.9000282287598,1.51310300827026,81
1,1578,1,1,34,16,9.50570011138916,7.71999979019165,2000,33,16,12,39100,0.579999983310699,12,17,9.5,1,7,24.1000099182129,2.25189208984375,49
1,1316,0,0,30,17,10.6379995346069,7,2526,41,16,6.73000001907349,31800,0.581499993801117,16,17,11,1,7,17.8003902435303,2.36443209648132,49
1,1530,0,0,54,12,1.1110999584198,1.12999999523163,2695,53,12,6.67899990081787,22200,0.691500008106232,7,7,14,0,14,20.5000190734863,0.105350501835346,196
1,2220,0,0,51,12,4.05410003662109,4.36999988555908,2048,54,12,4.39449977874756,19500,0.691500008106232,16,7,3,0,29,10.4998998641968,1.39972901344299,841
1,1336,0,2,44,9,2.68709993362427,2.64000010490417,1920,46,11,4.6875,14027,0.751500010490417,7,10,11,0,19,10.437029838562,0.988462507724762,361
1,1008,0,1,43,12,2.97620010375977,2.5,2338,42,9,7.69890022277832,21195,0.661499977111816,7,7,11,1,14,18.1949901580811,1.09064698219299,196
1,1944,0,1,34,12,3.17280006408691,3.23000001907349,2945,37,8,4.32870006561279,19013,0.691500008106232,10,7,7.5,0,16,12.8450803756714,1.15461397171021,256
1,2000,0,0,45,13,3.54999995231628,3.45000004768372,2047,52,12,6.74160003662109,20900,0.661499977111816,12,7,11,1,10,13.8000001907349,1.26694798469543,100
1,258,0,0,39,12,17.9069995880127,0,1668,47,7,9.35249996185303,26820,0.621500015258789,10,3,11,0,12,22.2000007629395,2.88519191741943,144
1,1785,0,0,50,12,3.41739988327026,5.75,175,48,10,9.14290046691895,12800,0.751500010490417,0,0,14,1,24,6.69994115829468,1.22888004779816,576
1,480,0,0,52,12,3.33330011367798,0,1798,53,12,2.64179992675781,7850,0.751500010490417,7,7,14,0,6,6.25001621246338,1.20396304130554,36
1,772,0,2,41,12,3.88599991798401,7.5,1222,45,12,7.36499977111816,18600,0.721499979496002,12,12,7.5,1,9,15.6000099182129,1.35738003253937,81
1,900,0,0,59,10,2.31110000610352,2.22000002861023,1820,59,7,1.40659999847412,5380,0.771499991416931,12,7,5,0,14,3.30000996589661,0.837723612785339,196
1,1428,0,0,52,12,1.71080005168915,2.5,1560,60,8,1.51919996738434,6114,0.771499991416931,10,7,14,0,26,3.67097806930542,0.536961078643799,676
1,210,0,0,46,16,2.1143000125885,4,2210,49,12,3.34389996528625,8234,0.751500010490417,12,12,14,0,7,7.78999710083008,0.748723804950714,49
1,239,1,5,41,12,9.9330997467041,4.5,2874,48,16,2.91059994697571,20646,0.721499979496002,3,7,11,1,4,18.2719898223877,2.29587292671204,16
1,1878,0,2,33,11,3.02769994735718,3.5,2499,35,8,4.38339996337891,16640,0.721499979496002,7,7,9.5,0,15,10.9539804458618,1.10780298709869,225
1,215,0,0,45,12,1.86049997806549,2.29999995231628,3088,38,12,4.20979976654053,13900,0.721499979496002,12,12,5,1,23,13.4999904632568,0.620845317840576,529
1,2340,1,2,36,10,0.128199994564056,0,2020,37,8,3.71289992332458,11500,0.781499981880188,10,7,7.5,0,1,11.2000102996826,-2.05416393280029,1
1,1960,0,1,48,12,6.63269996643066,6.30000019073486,1980,56,10,10.6059999465942,34000,0.551500022411346,7,7,14,1,29,20.9999103546143,1.89201200008392,841
1,532,0,1,47,12,5.63910007476807,3.59999990463257,1968,47,11,8.63819980621338,28700,0.661499977111816,7,3,11,1,9,25.7000007629395,1.72972500324249,81
1,394,0,0,45,12,1.59899997711182,2.5,2100,45,12,3.83669996261597,9563,0.751500010490417,7,7,7.5,0,6,8.93299388885498,0.469378411769867,36
1,675,0,2,37,12,2.66669988632202,3,2651,48,17,7.16709995269775,20960,0.691500008106232,7,7,7.5,0,11,19.1599807739258,0.98084169626236,121
1,1515,0,4,46,16,7.92080020904541,6.80000019073486,1918,49,14,8.86340045928955,38590,0.621500015258789,12,10,14,1,17,26.5899906158447,2.06949210166931,289
1,1030,0,3,43,17,5.33979988098145,5.80000019073486,2585,46,16,7.73689985275269,27900,0.661499977111816,12,12,5,1,6,22.4000091552734,1.67518794536591,36
1,1250,0,2,42,12,4,4,2250,46,17,9.17020034790039,25633,0.621500015258789,7,7,7.5,1,7,20.632999420166,1.38629400730133,49
1,1158,1,2,34,17,6.04489994049072,5.09999990463257,2480,39,17,11.289999961853,35200,0.551500022411346,12,12,7.5,1,2,28.2000102996826,1.79921495914459,4
1,112,0,0,52,12,6.25,0,2924,53,12,6.32690000534058,29500,0.581499993801117,7,7,7.5,1,24,28.7999992370605,1.83258199691772,576
1,336,0,3,37,12,2.97620010375977,2.20000004768372,1896,52,9,4.7467999458313,10000,0.751500010490417,10,7,7.5,0,4,8.99999713897705,1.09064698219299,16
1,1984,0,1,37,12,4.23390007019043,4.78000020980835,2332,40,12,4.88850021362305,19800,0.691500008106232,10,7,5,0,11,11.3999395370483,1.44312405586243,121
1,716,0,0,52,8,3.49160003662109,2.20000004768372,3482,59,7,2.48420000076294,12900,0.721499979496002,7,7,5,0,25,10.4000101089478,1.25036001205444,625
1,1410,1,0,30,12,4.96449995040894,1.27999997138977,2106,30,14,8.54699993133545,26080,0.621500015258789,12,12,7.5,0,11,19.0800590515137,1.60231304168701,121
1,1300,0,1,31,13,2.76920008659363,0,1160,32,12,6.63789987564087,13066,0.751500010490417,17,7,11,1,2,9.46603965759277,1.01855897903442,4
1,1640,0,1,38,12,3.65849995613098,3.25,2040,46,12,3.18630003929138,12500,0.721499979496002,7,7,7.5,0,19,6.50006008148193,1.2970529794693,361
1,1202,0,3,43,12,5.39349985122681,0,2856,48,16,4.54659986495972,35600,0.581499993801117,7,7,9,1,7,29.1170101165771,1.68519401550293,49
1,489,0,1,49,8,0.6564000248909,2.28999996185303,950,51,8,12.7889995574951,19424,0.751500010490417,7,7,5,1,2,19.1030197143555,-0.420984894037247,4
1,2076,0,0,55,12,4.76879978179932,4.67999982833862,2068,58,10,6.52799987792969,26250,0.661499977111816,7,7,5,1,20,16.3499698638916,1.5620950460434,400
1,526,0,2,38,17,8.555100440979,4.19999980926514,1896,42,17,16.4029998779297,36525,0.551500022411346,12,14,9.5,1,10,32.0250205993652,2.14652800559998,100
1,1721,0,0,52,17,10.4589996337891,9.5,2000,56,16,7,34700,0.610000014305115,14,17,14,1,19,16.7000598907471,2.34746289253235,361
1,1327,0,0,48,12,2.63750004768372,2.5699999332428,288,51,11,13.5419998168945,8311,0.751500010490417,7,7,11,1,17,4.81103801727295,0.969831526279449,289
1,584,0,2,32,13,6.84929990768433,4.32000017166138,2160,33,12,6.71299982070923,28626,0.691500008106232,12,10,11,1,12,24.6260108947754,1.92414605617523,144
1,1376,0,1,32,12,5.08720016479492,5,3120,33,17,5.44869995117188,24400,0.661499977111816,7,7,5,1,11,17.4000091552734,1.62672805786133,121
1,1040,0,2,38,12,0.961499989032745,0,1944,41,17,6.68720006942749,14025,0.721499979496002,7,7,7.5,1,6,13.0250396728516,-0.0392607003450394,36
1,548,0,3,46,12,4.30660009384155,3.69000005722046,2046,47,12,9.09430027008057,21367,0.691500008106232,16,12,14,1,10,19.0069808959961,1.46014904975891,100
1,15,0,3,40,12,7.06669998168945,0,2005,42,9,6.53369998931885,14136,0.751500010490417,7,7,7.5,0,4,14.0299997329712,1.95539402961731,16
1,1980,0,4,31,9,2.52530002593994,2.55999994277954,2070,36,10,4.68599987030029,19900,0.751500010490417,10,7,5,1,2,14.8999099731445,0.926359891891479,4
1,1520,0,1,43,10,7.894700050354,5,3000,50,12,8,37000,0.521499991416931,12,9,9.5,1,13,25.0000591278076,2.06619191169739,169
1,1880,0,0,51,12,4.14890003204346,3.90000009536743,2640,51,12,4.05299997329712,18500,0.691500008106232,7,7,7.5,0,21,10.7000703811646,1.42284297943115,441
1,1260,1,0,30,16,8.17459964752197,8.17000007629395,2450,34,17,8.16329956054688,34550,0.551500022411346,16,14,5,1,9,24.25,2.1010320186615,81
1,1092,0,0,52,13,9.59710025787354,0,1000,53,15,16.5,49620,0.461499989032745,10,7,11,1,4,39.1399688720703,2.26146101951599,16
1,1587,1,5,30,8,2.01640009880066,2.29999995231628,2080,33,8,3.4614999294281,10400,0.781499981880188,3,3,7.5,0,2,7.19997310638428,0.70131379365921,4
1,156,0,0,51,16,7.6217999458313,0,2413,51,16,11.3610000610352,33000,0.551500022411346,16,16,11,1,19,31.8110008239746,2.03101301193237,361
1,1939,0,2,31,13,3.19749999046326,3.4300000667572,2570,31,12,3.89109992980957,16200,0.721499979496002,7,3,7.5,1,4,10.0000495910645,1.16236901283264,16
1,1250,0,4,34,12,1.60000002384186,1.36000001430511,2030,52,12,9.60589981079102,22660,0.691500008106232,12,16,7.5,1,9,20.6599998474121,0.470003604888916,81
1,610,0,0,49,11,4.0984001159668,4,4684,59,17,2.6686999797821,16000,0.721499979496002,7,7,7.5,1,14,13.4999799728394,1.41059696674347,196
1,270,1,3,35,13,1.4815000295639,5,2802,41,17,8.88650035858154,25780,0.661499977111816,7,16,9.5,1,6,25.3799991607666,0.393055111169815,36
1,660,1,0,53,12,3.63639998435974,3.15000009536743,2090,59,12,6.36359977722168,20675,0.721499979496002,7,12,7.5,1,24,18.2749805450439,1.29099404811859,576
1,1000,0,3,32,12,1,0,2053,46,16,17.7280006408691,40213,0.551500022411346,12,7,11,0,1,39.2130012512207,0,1
1,1920,0,3,38,10,2.60419988632202,2.9300000667572,1984,42,10,5.2923002243042,15500,0.721499979496002,12,7,7.5,1,13,10.4999399185181,0.95712548494339,169
1,200,0,0,54,12,1.75,0,2040,54,16,15.6859998703003,35207,0.581499993801117,7,12,9.5,1,3,34.8569984436035,0.559615790843964,9
1,1500,0,1,47,17,4.80000019073486,3.59999990463257,2794,58,8,5.24230003356934,35702,0.551500022411346,10,12,11,1,10,28.5020008087158,1.5686160326004,100
1,868,0,1,45,15,5.53000020980835,6,3290,47,14,3.03949999809265,17800,0.721499979496002,14,12,9.5,1,16,12.9999599456787,1.71018803119659,256
1,2318,0,1,47,16,4.0984001159668,4.19999980926514,1911,46,16,16.7450008392334,50900,0.491499990224838,16,16,5,1,9,41.3999099731445,1.41059696674347,81
1,2000,0,0,59,10,1.25,0,2000,60,12,3.75,17280,0.691500008106232,7,7,5,0,19,14.7799997329712,0.223143503069878,361
1,60,0,1,32,11,1.66670000553131,0,2580,31,12,5.81400012969971,15150,0.721499979496002,10,9,5,1,4,15.0500001907349,0.510845601558685,16
1,1715,0,1,45,12,3.79010009765625,3.38000011444092,2400,49,17,10.8330001831055,36200,0.581499993801117,7,7,7.5,1,10,29.6999797821045,1.33239197731018,100
1,550,0,4,40,12,2.36360001564026,2.25999999046326,1740,47,12,9.00290012359619,17465,0.721499979496002,14,12,5,1,5,16.1650199890137,0.860185921192169,25
1,1960,0,2,47,14,10.2040004730225,0,2500,50,12,6.53999996185303,45205,0.610000014305115,14,12,3,1,7,25.2051601409912,2.32277989387512,49
1,44,1,2,36,16,6.81820011138916,1.36000001430511,1840,37,17,5.97830009460449,14500,0.751500010490417,12,10,5,0,3,14.1999998092651,1.91959500312805,9
1,1920,0,0,56,14,7.21460008621216,6.92000007629395,2036,56,14,8.62479972839355,32011,0.581499993801117,7,7,7.5,0,38,18.1589698791504,1.97610700130463,1444
1,2540,0,1,41,8,2.44840002059937,0,3536,43,11,4.83290004730225,35200,0.621500015258789,7,12,9.5,0,16,28.9810600280762,0.895434677600861,256
1,156,0,3,48,7,1.19869995117188,0,880,51,11,10.9090003967285,13579,0.751500010490417,3,7,11,0,13,13.3920001983643,0.18123759329319,169
1,780,1,2,36,12,1.64100003242493,0,2007,38,12,3.88639998435974,10455,0.751500010490417,7,7,11,0,1,9.17502021789551,0.495305806398392,1
1,3120,0,0,41,12,1.7820999622345,0,2632,44,13,8.45740032196045,32600,0.551500022411346,7,3,5,0,7,27.0398502349854,0.577792406082153,49
1,2040,0,0,41,14,2.94120001792908,2.79999995231628,2600,43,12,5,19150,0.691500008106232,7,10,11,1,15,13.1499500274658,1.07881796360016,225
1,1610,0,3,36,12,4.96890020370483,4.25,2156,36,13,7.42119979858398,24400,0.661499977111816,12,17,9.5,1,10,16.4000701904297,1.60319900512695,100
1,215,0,3,37,12,1.86049997806549,0,3625,41,12,4.49380016326904,21700,0.691500008106232,10,7,3,0,2,21.2999897003174,0.620845317840576,4
1,1120,0,0,38,12,8.03569984436035,0,2420,42,12,7.02519989013672,26201,0.621500015258789,7,3,9.5,1,19,17.2010192871094,2.08389401435852,361
1,846,0,2,43,14,3.97160005569458,4.19999980926514,2080,43,9,3.27880001068115,11920,0.751500010490417,3,3,7.5,1,25,8.56002616882324,1.37916898727417,625
1,3225,0,0,54,16,3.04159998893738,0,3443,59,17,1.28610002994537,16300,0.721499979496002,12,12,9.5,1,25,6.49083995819092,1.11238396167755,625
1,1376,0,1,38,12,2.90700006484985,3.75,2250,41,12,5.5556001663208,16500,0.721499979496002,7,7,5,1,7,12.4999704360962,1.06712198257446,49
1,980,1,0,30,12,3.06119990348816,3.59999990463257,2535,34,16,7.4951000213623,30000,0.581499993801117,12,7,11,1,15,27.0000190734863,1.11880695819855,225
1,1838,0,0,49,12,4.89659976959229,5,2352,48,15,22.1089992523193,62500,0.441500008106232,7,7,9.5,1,11,53.5000495910645,1.58854103088379,121
1,1494,0,1,45,13,4.01609992980957,2.5,3036,49,6,9.05799961090088,58500,0.441500008106232,10,10,9.5,1,25,52.4999504089355,1.39031100273132,625
1,450,0,0,51,13,5.5556001663208,3.5,2600,57,14,11.5380001068115,40900,0.521499991416931,7,7,9.5,1,19,38.3999786376953,1.71480596065521,361
1,1976,0,0,34,10,1.22269999980927,2.45000004768372,2223,39,7,6.04680013656616,16308,0.691500008106232,0,10,7.5,1,4,13.8919401168823,0.201061502099037,16
1,2012,0,2,34,12,2.68390011787415,3.60999989509583,2666,34,10,1.36530005931854,9300,0.751500010490417,7,7,7.5,1,14,3.89999294281006,0.987271010875702,196
1,561,0,1,41,12,2.67379999160767,3.25,2006,41,17,16.5499992370605,35700,0.551500022411346,10,9,7.5,1,19,34.2000007629395,0.983500719070435,361
1,1715,0,1,49,12,9.32940006256104,7.05000019073486,1710,49,17,8.77190017700195,35700,0.639999985694885,9,9,11,1,18,19.700080871582,2.23317098617554,324
1,1912,0,0,32,12,3.13809990882874,3.59999990463257,1920,46,14,9.63539981842041,24500,0.661499977111816,12,12,5,1,14,18.4999504089355,1.14361798763275,196
1,3686,0,0,32,14,0.542599976062775,0,1647,39,14,6.67880010604858,13000,0.721499979496002,12,12,7.5,1,11,10.9999799728394,-0.611382901668549,121
1,1080,0,2,32,17,8.61110019683838,4.65000009536743,3080,35,15,7.57270002365112,52600,0.441500008106232,12,12,5,0,4,43.3000106811523,2.15305209159851,16
1,1799,0,0,47,10,3.6686999797821,3.25,1920,48,10,7.8125,25360,0.661499977111816,3,7,7.5,1,29,18.760009765625,1.29983699321747,841
1,1984,0,1,39,9,2.31850004196167,2.29999995231628,2420,47,4,1.9835000038147,9400,0.751500010490417,9,9,7.5,0,21,4.80009603500366,0.840920388698578,441
1,1839,0,0,49,12,2.88199996948242,3.26999998092651,2205,53,15,9.52379989624023,26800,0.621500015258789,12,12,11,1,24,21.5,1.05848395824432,576
1,1579,0,3,37,12,3.16659998893738,0,3035,39,14,6.42500019073486,33040,0.661499977111816,12,7,7.5,1,19,28.0399398803711,1.15265798568726,361
1,96,0,0,59,16,3.64580011367798,0,2185,60,15,10.9840002059937,26350,0.621500015258789,14,12,7.5,1,31,26,1.29357600212097,961
1,1920,0,0,50,12,6.25,5.46999979019165,1880,56,12,12.7659997940063,39000,0.521499991416931,7,7,14,1,28,27,1.83258199691772,784
1,1688,0,1,32,17,10.2489995956421,9.80000019073486,1863,33,17,9.55449962615967,35100,0.610000014305115,12,12,9.5,1,15,17.799690246582,2.32717990875244,225
1,1589,0,0,46,12,3.20959997177124,5.53999996185303,2456,48,16,5.49669981002808,22502,0.661499977111816,12,12,11,0,27,17.4019508361816,1.16614603996277,729
1,345,0,2,43,17,7.65220022201538,5,1847,46,17,9.76179981231689,21950,0.691500008106232,12,14,14,0,13,19.3099899291992,2.03499293327332,169
1,1521,0,3,37,11,1.97239995002747,2.29999995231628,2000,42,6,5,13000,0.751500010490417,7,7,7.5,0,4,9.99997997283936,0.679251074790955,16
1,1490,0,2,32,16,4.69799995422363,3.90000009536743,1856,35,14,5.99949979782104,18180,0.721499979496002,12,14,9,1,10,11.1799802780151,1.54713702201843,100
1,989,0,1,39,11,2.12339997291565,2.75999999046326,1880,43,14,6.9148998260498,20957,0.691500008106232,10,10,9,1,8,18.8569602966309,0.753018617630005,64
1,600,0,2,34,13,2.33330011367798,2.90000009536743,3020,35,12,4.96689987182617,13700,0.721499979496002,12,12,7.5,0,4,12.3000202178955,0.847283601760864,16
1,2646,0,1,39,11,2.38960003852844,0,2646,41,8,2.38960003852844,20000,0.691500008106232,7,7,5,1,18,13.6771202087402,0.871125996112823,324
1,2149,0,3,45,8,1.25639998912811,2.5,1640,48,9,4.51219987869263,12260,0.751500010490417,7,7,5,1,3,9.55999660491943,0.228250503540039,9
1,320,0,0,50,11,1.09379994869232,0,1950,54,11,9.23079967498779,24850,0.661499977111816,3,12,7.5,1,11,24.4999809265137,0.089657798409462,121
1,1600,0,1,40,12,3.75,3.29999995231628,1920,39,12,11.4580001831055,29150,0.581499993801117,12,7,7.5,1,8,23.1499996185303,1.32175600528717,64
1,2419,0,1,30,10,3.30719995498657,3.90000009536743,2025,34,12,7.69929981231689,23591,0.661499977111816,7,7,11,1,10,15.5908803939819,1.19610202312469,100
1,2005,0,0,57,17,5.13520002365112,5.25,2470,56,17,4.18300008773804,24717,0.661499977111816,16,12,11,1,33,14.4209203720093,1.63611900806427,1089
1,1960,0,1,39,12,6.63269996643066,3.59999990463257,1800,43,12,8.33329963684082,30455,0.621500015258789,12,12,9,1,19,17.4549102783203,1.89201200008392,361
1,2147,0,0,53,12,4.5644998550415,4.90000009536743,1920,56,8,5.10419988632202,19600,0.691500008106232,12,12,7.5,1,35,9.80001926422119,1.51830899715424,1225
1,1207,0,1,48,17,11.8479995727539,7.15000009536743,2039,53,17,8.22710037231445,31875,0.639999985694885,7,12,5,1,21,17.5744590759277,2.47215890884399,441
1,2000,0,1,46,14,3.75,3.75,2570,48,16,5.66340017318726,24055,0.661499977111816,14,14,7.5,0,7,16.5550003051758,1.32175600528717,49
1,1260,0,0,47,12,4.36509990692139,4.34999990463257,1914,54,12,5.22200012207031,18795,0.721499979496002,7,10,7.5,0,18,13.2949695587158,1.47364103794098,324
1,90,0,1,43,12,3.93330001831055,4,1516,47,10,7.19000005722046,12198,0.751500010490417,7,7,7.5,0,4,11.8439998626709,1.36947894096375,16
1,1800,0,0,47,12,3.33330011367798,3.25,2520,47,16,13.9069995880127,52645,0.491499990224838,12,7,7.5,1,12,46.6450614929199,1.20396304130554,144
1,573,0,1,47,12,3.31590008735657,2.20000004768372,2327,48,12,6.01630020141602,16600,0.721499979496002,10,7,14,0,16,14.699990272522,1.19872903823853,256
1,1825,0,0,47,12,3.56159996986389,3,2188,50,12,7.67819976806641,32590,0.621500015258789,7,7,7.5,1,14,26.0900802612305,1.2702100276947,196
1,75,0,0,46,12,1.60000002384186,0,1864,48,12,5.31120014190674,10020,0.751500010490417,3,7,7.5,1,3,9.89999961853027,0.470003604888916,9
1,1348,0,4,34,9,2.22550010681152,2.29999995231628,2183,33,10,4.12279987335205,12048,0.751500010490417,7,7,11,0,1,9.0480260848999,0.799981713294983,1
1,1880,0,0,48,10,4.78719997406006,4.25,1920,55,12,7.8125,39750,0.621500015258789,7,7,11,0,27,30.7500591278076,1.56594598293304,729
1,1240,0,1,30,12,5.80649995803833,6.90000009536743,1824,31,12,4.605299949646,15700,0.721499979496002,10,7,7.5,1,12,8.49993991851807,1.75897800922394,144
1,848,0,1,51,12,2.3585000038147,2.29999995231628,2878,54,12,3.97460007667542,24250,0.661499977111816,7,7,3,0,6,22.2499904632568,0.858025789260864,36
1,150,0,5,52,12,2,0,2390,54,16,15.0629997253418,43210,0.521499991416931,7,12,14,1,9,42.9099998474121,0.6931471824646,81
1,2000,0,2,37,12,1.89999997615814,1.85000002384186,3120,39,13,4.5064001083374,37100,0.621500015258789,12,12,5,0,2,33.2999992370605,0.641853928565979,4
1,1952,0,2,32,12,5.1230001449585,3.25,2040,33,12,5.88240003585815,23820,0.661499977111816,12,7,5,0,6,13.819899559021,1.63373994827271,36
1,1456,0,2,36,17,5.49450016021729,6.03999996185303,2151,35,15,10.2279996871948,31600,0.581499993801117,12,14,5,1,9,23.6000099182129,1.70374798774719,81
1,1740,0,2,35,12,6.32180023193359,5.5,1976,37,14,6.57889986038208,24000,0.661499977111816,10,10,7.5,1,16,13.0000696182251,1.84400403499603,256
1,1400,0,0,45,17,7.14289999008179,7.1399998664856,2286,51,16,8.8144998550415,30750,0.581499993801117,14,12,5,0,22,20.7499408721924,1.96611905097961,484
1,2000,0,0,56,12,2.375,2.70000004768372,2032,60,10,2.95280003547668,11050,0.751500010490417,7,7,14,0,26,6.30000019073486,0.864997386932373,676
1,1750,0,2,40,10,2.54290008544922,2.74000000953674,1680,45,4,4.51730012893677,12239,0.751500010490417,7,7,14,0,11,7.78892517089844,0.933305203914642,121
1,1101,1,2,45,12,2.17980003356934,2.29999995231628,1560,49,14,5.1282000541687,12870,0.751500010490417,14,12,7.5,1,11,10.4700403213501,0.77923321723938,121
1,2000,0,2,32,12,2.59999990463257,2.5,2895,30,12,4.14510011672974,17200,0.721499979496002,10,7,7.5,0,15,12,0.955511391162872,225
1,1877,0,0,45,12,3.72939991950989,3.59999990463257,1820,50,8,8.79119968414307,23980,0.661499977111816,10,10,7.5,0,13,16.9799194335938,1.31624698638916,169
1,160,0,2,40,12,4.375,1.85000002384186,2450,44,12,7.3060998916626,18600,0.691500008106232,7,12,14,1,6,17.8999996185303,1.47590601444244,36
1,1886,0,1,38,12,4.44329977035522,4,1748,42,8,6.0068998336792,23920,0.691500008106232,7,10,9.5,1,20,15.5399398803711,1.49139702320099,400
1,1446,0,4,49,12,4.28770017623901,4.40000009536743,1020,45,12,8.33329963684082,16084,0.751500010490417,7,7,14,1,17,9.8839864730835,1.45574998855591,289
1,1500,0,1,47,16,1.66670000553131,1.5,2342,49,17,11.5290002822876,31100,0.581499993801117,14,14,11,1,8,28.5999507904053,0.510845601558685,64
1,860,0,0,52,13,3.2558000087738,5.82999992370605,2250,53,12,6.66669988632202,20460,0.661499977111816,7,7,11,1,13,17.6600093841553,1.18043804168701,169
1,1848,0,1,34,13,5.41130018234253,6,2880,40,16,8.6806001663208,36000,0.551500022411346,12,12,7.5,1,15,25.9999198913574,1.68848896026611,225
1,1678,0,2,44,12,2.20499992370605,2.29999995231628,2032,46,12,3.46799993515015,17302,0.721499979496002,14,12,3,0,14,13.6020097732544,0.790727496147156,196
1,160,0,3,36,16,4.0625,0,3120,42,16,3.0320999622345,16450,0.721499979496002,14,7,3,0,14,15.8000001907349,1.40179896354675,196
1,108,0,0,50,17,0.64819997549057,0,1760,57,16,13.8070001602173,41170,0.581499993801117,14,16,9.5,1,6,41.0999908447266,-0.433555990457535,36
1,1738,0,0,45,12,5.38259983062744,6.17999982833862,1725,47,12,6.21740007400513,20130,0.661499977111816,0,0,7.5,1,24,10.7750396728516,1.68317198753357,576
1,1170,0,2,44,14,0.170900002121925,0,2080,46,13,4.23080015182495,9200,0.751500010490417,16,12,9.5,1,10,9.0000467300415,-1.76667702198029,100
1,15,0,2,57,12,23.4669990539551,0,2040,57,10,11.4700002670288,24751,0.661499977111816,7,7,11,1,2,24.3989906311035,3.15559506416321,4
1,2088,0,0,35,17,9.57849979400635,9.97999954223633,2940,42,17,12.2449998855591,57300,0.5,12,17,9.5,1,9,37.3000907897949,2.25952100753784,81
1,2490,0,0,46,12,3.69479990005493,3.76999998092651,2280,52,12,9.21049976348877,37200,0.581499993801117,7,7,7.5,1,23,27.9999504089355,1.30692601203918,529
1,135,2,1,30,14,2.2221999168396,0,2164,35,16,6.33090019226074,14000,0.721499979496002,10,12,14,1,12,13.6999998092651,0.798497676849365,144
1,1944,0,3,42,12,1.74899995326996,2.29999995231628,1999,44,12,7.80389976501465,20610,0.691500008106232,7,3,14,0,8,17.209939956665,0.559044182300568,64
1,690,0,1,34,12,1.15939998626709,2.25,1824,36,13,7.67539978027344,14800,0.721499979496002,10,7,7.5,1,16,14.0000095367432,0.147902593016624,256
1,608,0,2,45,17,6.99009990692139,3,2182,47,16,15.5819997787476,40005,0.551500022411346,10,14,14,1,10,35.7550201416016,1.94449496269226,100
1,63,1,2,35,16,3.96830010414124,0,2385,37,16,9.64360046386719,23750,0.661499977111816,14,7,14,1,7,23.5,1.37833797931671,49
1,154,0,0,40,16,21.4290008544922,8.13000011444092,2460,44,17,12.8859996795654,35300,0.551500022411346,7,12,14,1,19,31.9999294281006,3.06474494934082,361
1,420,0,1,32,12,0.476200014352798,2.84999990463257,2595,35,16,6.55109977722168,17350,0.691500008106232,12,12,7.5,1,2,17.1499996185303,-0.741917312145233,4
1,651,0,0,54,9,2.15050005912781,1.44000005722046,2400,57,10,8.25,21650,0.661499977111816,7,7,7.5,1,9,20.2500190734863,0.765700399875641,81
1,675,0,3,38,12,1.85780000686646,2.20000004768372,3120,42,8,1.37919998168945,6740,0.791499972343445,7,7,14,0,14,5.48598480224609,0.619392991065979,196
1,1663,0,3,43,12,4.32950019836426,3.59999990463257,2850,42,12,5.26319980621338,32275,0.691500008106232,12,14,5,1,9,25.0750408172607,1.46545195579529,81
1,1680,0,0,54,16,8.9286003112793,7,760,60,12,10.5260000228882,33220,0.720000028610229,14,7,9.5,1,16,18.21994972229,2.18926000595093,256
1,180,0,3,39,14,2.7778000831604,4,2500,37,17,10,26500,0.621500015258789,12,12,7.5,1,7,26,1.02165901660919,49
1,1581,0,1,37,12,2.65650010108948,3.25,2630,39,14,12.5480003356934,38700,0.521499991416931,7,12,5,1,6,34.5000686645508,0.977009475231171,36
1,1200,0,2,46,12,2.5,3.07999992370605,2597,48,8,4.62069988250732,15400,0.721499979496002,7,7,5,1,22,12.3999996185303,0.916290819644928,484
1,450,0,0,56,11,18.2670001983643,0,2760,60,11,1.85399997234344,19007,0.691500008106232,7,7,3,0,9,10.7868499755859,2.90509605407715,81
1,547,0,3,41,12,0.819000005722046,2,2070,44,8,7.42659997940063,16771,0.721499979496002,12,7,7.5,0,9,16.3230094909668,-0.199671193957329,81
1,300,0,1,45,16,2,0,2256,48,16,13.2980003356934,31100,0.581499993801117,16,7,11,1,14,30.5,0.6931471824646,196
1,975,0,1,44,17,15.3850002288818,8.5,1505,47,16,26.5779991149902,66300,0.5,3,3,7.5,1,17,51.2996292114258,2.73339295387268,289
1,1621,0,1,50,17,6.47749996185303,0,2364,52,17,13.9589996337891,43550,0.491499990224838,16,12,5,0,12,33.0499687194824,1.86833500862122,144
1,300,0,5,37,14,8.33329963684082,3.5,2895,38,14,13.1260004043579,37250,0.621500015258789,7,7,11,0,13,34.7500114440918,2.12026000022888,169
1,1868,0,1,44,12,4.55030012130737,4.25,2041,46,12,7.8882999420166,24900,0.661499977111816,16,7,14,0,8,16.4000396728516,1.51519298553467,64
1,1803,0,2,32,14,2.49580001831055,1.89999997615814,2195,34,17,8.6560001373291,24200,0.661499977111816,7,14,9.5,1,10,19.7000694274902,0.914609313011169,100
1,2143,1,1,34,12,4.47970008850098,4.80000019073486,1935,40,12,3.4109001159668,16200,0.721499979496002,10,10,14,0,16,6.60000276565552,1.49955594539642,256
1,1080,0,2,32,10,2.23239994049072,2.29999995231628,1950,35,10,4.62559986114502,11431,0.751500010490417,10,10,7.5,0,1,9.0200080871582,0.803077220916748,1
1,1352,0,3,37,12,2.07100009918213,1.79999995231628,2375,38,14,4.21049976348877,13200,0.751500010490417,10,10,11,0,6,10.4000101089478,0.728031575679779,36
1,537,0,1,44,13,1.67599999904633,0,1920,55,8,4.27080011367798,15420,0.771499991416931,10,10,9,1,4,14.5199899673462,0.516409993171692,16
1,352,0,2,34,16,3.40910005569458,0,3300,33,12,3.34240007400513,18400,0.691500008106232,12,12,14,0,8,17.2000007629395,1.22644805908203,64
1,200,1,3,33,12,2.5,8,3680,33,16,8.63589954376221,43500,0.491499990224838,10,3,5,1,4,43,0.916290819644928,16
1,2045,0,3,43,7,3.96090006828308,4.07000017166138,1968,43,12,6.7581000328064,21972,0.691500008106232,7,7,7.5,1,15,13.8719596862793,1.37647104263306,225
1,1253,0,2,35,16,6.22749996185303,3.97000002861023,2504,33,10,0.584299981594086,7774,0.771499991416931,16,16,11,0,7,-0.0290575008839369,1.8289749622345,49
1,1960,0,1,43,14,3.92860007286072,3.84999990463257,2000,45,14,5.33500003814697,24470,0.691500008106232,7,7,7.5,0,14,16.7699394226074,1.36828303337097,196
1,2000,0,0,34,12,2.90000009536743,2.5,1656,37,12,4.7101001739502,13600,0.721499979496002,7,7,7.5,0,16,7.80000019073486,1.0647109746933,256
1,1960,0,3,36,10,4.08160018920898,4.55000019073486,1968,39,7,4.97970008850098,22500,0.721499979496002,7,0,7.5,0,15,14.5000600814819,1.40648901462555,225
1,2000,0,2,41,12,2.84999990463257,4.19999980926514,2016,41,12,2.97620010375977,13600,0.721499979496002,7,7,14,0,23,7.90000009536743,1.04731905460358,529
1,1568,0,0,41,16,7.01529979705811,6.30999994277954,2602,44,17,12.7440004348755,90800,0.441500008106232,7,7,7.5,0,19,79.8000106811523,1.94809305667877,361
1,1225,0,3,35,10,2.93880009651184,2.40000009536743,1560,43,9,3.84619998931885,10776,0.751500010490417,10,10,7.5,0,4,7.17597007751465,1.07800102233887,16
1,780,1,3,32,12,1.92309999465942,3.25,1827,37,10,7.22329998016357,19007,0.751500010490417,10,7,5,1,12,17.5069808959961,0.653938472270966,144
1,480,0,0,30,14,6.875,0,2080,34,14,8.80770015716553,23900,0.661499977111816,12,12,14,1,12,20.6000003814697,1.92789196968079,144
1,1923,0,0,43,12,3.90019989013672,4.73999977111816,3390,47,12,5.38640022277832,26060,0.621500015258789,7,7,7.5,1,25,18.5599193572998,1.36102795600891,625
1,2000,0,0,54,6,2,0,2524,57,6,3.68460011482239,13300,0.721499979496002,7,7,7.5,0,14,9.30000019073486,0.6931471824646,196
1,2110,0,2,35,15,4.97629976272583,4.36999988555908,2777,34,12,1.84370005130768,15620,0.721499979496002,7,7,7.5,0,14,5.12000799179077,1.60468697547913,196
1,1664,0,0,50,12,1.20190000534058,5,3120,54,13,1.30130004882812,16500,0.721499979496002,7,7,7.5,0,11,14.5000400543213,0.183903604745865,121
1,48,1,1,34,17,22.5,0,2700,36,17,7.2221999168396,20880,0.691500008106232,14,16,5,1,7,19.7999992370605,3.11351490020752,49
1,1791,0,0,52,14,6.86770009994507,6.17999982833862,1904,57,12,7.35290002822876,30600,0.661499977111816,14,12,9.5,1,18,18.2999496459961,1.92682898044586,324
1,1404,0,3,35,13,3.56130003929138,5.30000019073486,2360,38,14,11.8640003204346,39000,0.621500015258789,7,10,9,1,4,33.9999389648438,1.27012598514557,16
1,1920,0,0,55,6,1.97920000553131,2.57999992370605,1960,58,8,5.3326997756958,15428,0.721499979496002,7,7,7.5,0,37,11.6279401779175,0.68269270658493,1369
1,2141,0,0,35,16,5.3713002204895,6,2000,42,16,5.5,23300,0.661499977111816,7,7,7.5,0,13,11.8000497817993,1.68106997013092,169
1,1720,0,1,49,14,1.7441999912262,0,2600,45,16,7.23080015182495,42100,0.521499991416931,16,16,9.5,1,14,39.0999794006348,0.556295990943909,196
1,3533,2,2,38,15,5.09479999542236,8.5,2000,38,9,7,36430,0.639999985694885,12,7,9.5,1,17,18.4300708770752,1.62821996212006,289
1,2000,0,2,42,14,2.5,0,2218,45,14,7.21369981765747,26000,0.691500008106232,7,7,9.5,1,5,21,0.916290819644928,25
1,800,0,1,48,8,3.82500004768372,2.29999995231628,2000,52,5,4.5,62060,0.751500010490417,7,7,7.5,0,2,59,1.34155797958374,4
1,3000,0,0,51,14,1,0,2595,53,16,8.86320018768311,28300,0.621500015258789,12,12,9.5,1,0,25.2999992370605,0,0
1,293,0,2,43,12,3.07170009613037,4,2400,47,12,9.33329963684082,24149,0.661499977111816,12,10,7.5,1,3,23.2489891052246,1.12223100662231,9
1,1872,0,1,43,12,1.71630001068115,0,2856,48,12,3.82629990577698,28141,0.661499977111816,12,10,7.5,1,21,24.9280891418457,0.540170788764954,441
1,2058,0,1,38,12,4.02089977264404,4,2601,38,14,5.44479990005493,23057,0.661499977111816,10,10,7.5,1,20,14.7819900512695,1.39150595664978,400
1,1832,0,1,44,12,5.45849990844727,4.94999980926514,2054,48,9,8.76340007781982,28900,0.621500015258789,3,7,7.5,1,19,18.9000301361084,1.69717395305634,361
1,120,1,3,36,12,25,9.97999954223633,2500,35,12,8.39999961853027,24000,0.661499977111816,12,10,9.5,1,4,21,3.21887588500977,16
1,1632,0,0,38,12,2.38969993591309,2.29999995231628,1960,31,12,5.10200023651123,13900,0.721499979496002,12,12,7.5,0,19,10.0000095367432,0.871167778968811,361
1,778,0,0,47,8,3.21339988708496,7.25,2058,51,8,7.41009998321533,31810,0.691500008106232,12,12,5,1,11,29.3099708557129,1.16733002662659,121
1,1984,0,2,34,12,3.37700009346008,3.14000010490417,2410,49,10,5.35270023345947,19840,0.691500008106232,7,7,7.5,0,14,13.1400299072266,1.21698796749115,196
1,225,1,2,40,17,1.77779996395111,0,1278,38,17,19.5620002746582,25490,0.661499977111816,16,17,14,1,8,25.0899906158447,0.575376570224762,64
1,1960,0,1,31,12,3.16330003738403,3.1800000667572,2875,35,12,5.07829999923706,20800,0.691500008106232,12,12,7.5,0,13,14.5999298095703,1.15161597728729,169
1,444,0,0,46,12,2.70269989967346,0,2340,49,12,0.512799978256226,2400,0.801500022411346,10,16,7.5,1,24,1.20000100135803,0.994251310825348,576
1,384,0,3,36,14,1.69270002841949,0,3060,43,17,5.40199995040894,32650,0.581499993801117,10,10,14,1,1,32,0.526324927806854,1
1,1170,1,2,39,13,0.213699996471405,0,1920,47,12,7.86460018157959,16370,0.721499979496002,12,16,11,1,1,16.1199703216553,-1.54318201541901,1
1,1330,0,2,36,17,6.76690006256104,4.5,3390,38,12,6.05310010910034,35500,0.551500022411346,7,7,14,0,3,26.5000190734863,1.91204297542572,9
1,1350,0,4,37,8,1.74070000648499,2.09999990463257,2400,41,12,5,15100,0.751500010490417,7,7,3,0,4,12.7500600814819,0.554287314414978,16
1,480,0,4,39,12,2.5,0,1640,40,11,7.68289995193481,14100,0.751500010490417,7,9,3,0,21,12.8999996185303,0.916290819644928,441
1,1984,1,3,36,11,4.48589992523193,3.25999999046326,1656,38,8,6.03859996795654,19600,0.721499979496002,7,3,14,0,10,10.6999797821045,1.50093901157379,100
1,1944,0,2,49,12,2.57200002670288,2.70000004768372,1920,53,16,5.85099983215332,19434,0.721499979496002,7,7,5,1,13,14.4340295791626,0.944683790206909,169
1,50,1,1,45,12,3.46000003814697,5,1780,46,10,6.74160003662109,23882,0.721499979496002,7,7,9.5,1,9,23.7089996337891,1.24126899242401,81
1,460,2,0,32,17,4.78259992599487,0,1850,31,17,8.10809993743896,17300,0.721499979496002,7,7,7.5,0,14,15.1000003814697,1.56498396396637,196
1,680,0,5,36,10,2.31180000305176,0,3430,43,12,5.3060998916626,19772,0.721499979496002,7,7,7.5,0,2,18.1999797821045,0.838026523590088,4
1,2450,0,1,40,12,5.3060998916626,6.5,2008,40,8,7.27089977264404,35641,0.621500015258789,7,7,5,1,21,22.6410598754883,1.66885697841644,441
1,2144,0,2,43,13,5.86749982833862,0,2140,43,11,8.17759990692139,34220,0.581499993801117,7,7,7.5,1,22,21.640079498291,1.76942896842957,484
1,1760,0,1,33,12,3.40910005569458,3.21000003814697,3380,34,12,7.10059976577759,30000,0.581499993801117,12,16,11,1,14,23.9999809265137,1.22644805908203,196
1,490,0,1,30,12,4.08160018920898,2.46000003814697,2430,33,11,6.58440017700195,18000,0.691500008106232,12,12,7.5,1,7,16.0000190734863,1.40648901462555,49
0,0,0,1,49,12,NA,0,2550,54,15,7.85290002822876,21025,0.661499977111816,14,12,7.5,1,2,21.0249996185303,NA,4
0,0,2,0,30,16,NA,0,1928,34,16,11.9289999008179,23600,0.661499977111816,14,7,9.5,1,5,23.6000003814697,NA,25
0,0,1,0,30,12,NA,0,1100,39,17,18,22800,0.661499977111816,12,12,7.5,0,12,22.7999992370605,NA,144
0,0,0,4,41,12,NA,0,3193,40,16,10.0220003128052,35910,0.581499993801117,7,7,7.5,1,1,35.9099998474121,NA,1
0,0,0,1,45,12,NA,0,2250,46,16,9.33329963684082,21700,0.661499977111816,7,7,5,1,12,21.7000007629395,NA,144
0,0,0,5,43,12,NA,0,2012,44,13,6.08500003814697,21823,0.751500010490417,7,7,7.5,1,4,21.8229999542236,NA,16
0,0,0,1,42,13,NA,0,3856,46,15,5.70539999008179,31000,0.661499977111816,10,7,11,1,9,31,NA,81
0,0,0,0,60,12,NA,0,1645,58,12,9.11849975585938,15300,0.721499979496002,7,7,7.5,1,9,15.3000001907349,NA,81
0,0,0,0,57,12,NA,0,1554,57,12,7.207200050354,12925,0.721499979496002,9,3,7.5,1,6,12.9250001907349,NA,36
0,0,0,2,38,10,NA,0,2352,41,8,5.31459999084473,15830,0.751500010490417,12,7,5,0,5,15.8299999237061,NA,25
0,0,0,0,56,12,NA,0,1980,58,12,8.28279972076416,30200,0.691500008106232,12,12,7.5,1,5,30.2000007629395,NA,25
0,0,0,3,32,12,NA,0,2352,37,7,7.05779981613159,16600,0.721499979496002,10,7,5,0,8,16.6000003814697,NA,64
0,0,0,1,49,7,NA,0,1784,58,6,6.16590023040771,11000,0.751500010490417,7,7,7.5,1,2,11,NA,4
0,0,0,0,55,12,NA,0,2500,58,12,2.70000004768372,15000,0.721499979496002,7,10,3,0,6,15,NA,36
0,0,1,1,36,9,NA,0,2088,39,14,7.66279983520508,20528,0.721499979496002,7,7,11,0,0,20.5279998779297,NA,0
0,0,0,3,44,12,NA,0,4640,50,12,1.84909999370575,13126,0.751500010490417,9,9,14,0,3,13.1260004043579,NA,9
0,0,0,1,44,10,NA,0,3900,60,12,3.84619998931885,15550,0.721499979496002,7,14,7.5,1,7,15.5500001907349,NA,49
0,0,1,2,35,14,NA,0,1988,34,17,9.05430030822754,18010,0.721499979496002,3,12,7.5,1,3,18.0100002288818,NA,9
0,0,2,3,44,14,NA,0,1920,45,10,9.375,18874,0.721499979496002,10,10,14,0,10,18.8740005493164,NA,100
0,0,0,1,45,12,NA,0,2400,45,12,8.33329963684082,24800,0.661499977111816,12,12,14,1,3,24.7999992370605,NA,9
0,0,1,0,34,12,NA,0,1867,38,12,9.37329959869385,17500,0.691500008106232,12,17,5,1,2,17.5,NA,4
0,0,2,0,30,17,NA,0,3570,32,17,4.4818000793457,16150,0.721499979496002,12,12,7.5,1,12,16.1499996185303,NA,144
0,0,0,1,39,8,NA,0,2805,44,12,5.34759998321533,15189,0.721499979496002,7,3,3,0,15,15.1890001296997,NA,225
0,0,0,2,36,12,NA,0,1110,39,15,3.20269989967346,6000,0.781499981880188,7,7,14,0,5,6,NA,25
0,0,0,2,38,17,NA,0,2695,42,16,12.8009996414185,37250,0.551500022411346,10,12,9.5,1,4,37.25,NA,16
0,0,0,0,53,12,NA,0,1950,54,16,6.91029977798462,27760,0.621500015258789,10,10,7.5,1,10,27.7600002288818,NA,100
0,0,0,2,36,12,NA,0,2128,42,12,4.22930002212524,9090,0.771499991416931,7,7,3,0,1,9.09000015258789,NA,1
0,0,1,1,32,12,NA,0,3260,31,12,4.44789981842041,14500,0.721499979496002,12,7,7.5,1,8,14.5,NA,64
0,0,0,3,51,9,NA,0,1987,51,12,8.05230045318604,19700,0.721499979496002,7,7,14,1,20,19.7000007629395,NA,400
0,0,0,0,38,11,NA,0,2185,46,11,7.50570011138916,16788,0.691500008106232,10,7,14,1,4,16.7880001068115,NA,16
0,0,2,0,33,12,NA,0,2475,36,12,7.47469997406006,18520,0.691500008106232,10,10,11,1,7,18.5200004577637,NA,49
0,0,0,0,54,12,NA,0,2610,53,12,6.32180023193359,20950,0.691500008106232,16,10,9.5,1,10,20.9500007629395,NA,100
0,0,0,3,38,9,NA,0,1920,44,12,2.13540005683899,7574,0.801500022411346,7,3,11,0,3,7.57399988174438,NA,9
0,0,2,2,30,11,NA,0,2352,31,14,4.20919990539551,10027,0.771499991416931,7,7,3,0,5,10.0270004272461,NA,25
0,0,2,3,34,12,NA,0,3160,30,12,0.759500026702881,5000,0.941500008106232,12,12,7.5,0,10,5,NA,100
0,0,0,1,34,9,NA,0,1040,37,13,4.80770015716553,7040,0.791499972343445,12,7,3,0,0,7.03999996185303,NA,0
0,0,0,2,50,12,NA,0,3120,49,12,12.7880001068115,40800,0.521499991416931,10,7,7.5,1,3,40.7999992370605,NA,9
0,0,2,0,30,17,NA,0,2240,30,16,7.14289999008179,16050,0.721499979496002,12,12,11,0,10,16.0499992370605,NA,100
0,0,0,2,38,12,NA,0,1980,42,16,15.1520004272461,33100,0.581499993801117,10,7,11,1,2,33.0999984741211,NA,4
0,0,0,0,54,14,NA,0,1960,58,14,7.90819978713989,33856,0.721499979496002,12,12,9.5,1,10,33.8559989929199,NA,100
0,0,1,2,30,12,NA,3,2940,31,17,6.97279977798462,20500,0.691500008106232,12,12,7.5,1,4,20.5,NA,16
0,0,0,0,55,12,NA,0,2467,56,11,4.91809988021851,28600,0.581499993801117,7,7,5,1,0,28.6000003814697,NA,0
0,0,0,1,51,10,NA,0,2256,56,12,8.31120014190674,18750,0.691500008106232,10,10,11,0,10,18.75,NA,100
0,0,0,1,44,12,NA,0,1680,46,12,7.14289999008179,20300,0.721499979496002,7,7,9.5,1,5,20.2999992370605,NA,25
0,0,0,0,53,12,NA,0,2250,55,12,5.68889999389648,13420,0.721499979496002,7,7,5,0,0,13.4200000762939,NA,0
0,0,0,2,42,10,NA,0,2400,49,9,7.08330011367798,18400,0.721499979496002,3,3,5,0,0,18.3999996185303,NA,0
0,0,0,2,38,12,NA,0,2196,42,11,5.69220018386841,16682,0.721499979496002,10,7,7.5,0,19,16.681999206543,NA,361
0,0,1,3,38,13,NA,0,2400,40,12,11.3999996185303,32685,0.621500015258789,7,7,7.5,1,2,32.685001373291,NA,4
0,0,1,4,41,12,NA,0,3825,41,11,1.41519999504089,7050,0.801500022411346,3,3,9.5,1,12,7.05000019073486,NA,144
0,0,0,3,35,8,NA,0,2860,44,9,2.75069999694824,10867,0.781499981880188,12,7,9.5,1,5,10.8669996261597,NA,25
0,0,1,2,33,12,NA,2.75,2750,34,12,6.61819982528687,18220,0.721499979496002,12,12,9.5,1,5,18.2199993133545,NA,25
0,0,0,0,48,13,NA,0,2103,50,16,9.27250003814697,26613,0.691500008106232,7,7,7.5,0,5,26.613000869751,NA,25
0,0,0,0,47,12,NA,0,1880,51,12,12.2869997024536,25000,0.621500015258789,12,10,7.5,1,10,25,NA,100
0,0,0,5,34,12,NA,0,3185,41,13,2.85489988327026,15700,0.751500010490417,7,7,7.5,1,0,15.6999998092651,NA,0
0,0,2,1,33,13,NA,0,2677,37,17,7.97090005874634,40250,0.521499991416931,12,10,5,1,4,40.25,NA,16
0,0,3,1,31,13,NA,0,3600,36,17,19.4440002441406,73600,0.441500008106232,12,16,11,0,3,73.5999984741211,NA,9
0,0,0,0,58,8,NA,0,4334,58,8,1.4805999994278,10592,0.751500010490417,12,7,7.5,1,2,10.5920000076294,NA,4
0,0,0,0,49,12,NA,0,2874,52,8,1.8918000459671,8000,0.751500010490417,7,7,3,0,1,8,NA,1
0,0,0,1,55,8,NA,0,1936,56,9,6.92150020599365,13400,0.721499979496002,7,3,7.5,1,0,13.3999996185303,NA,0
0,0,0,0,44,14,NA,1.5,1964,49,8,10.6920003890991,23700,0.661499977111816,12,12,14,1,1,23.7000007629395,NA,1
0,0,0,0,44,9,NA,0,1900,48,8,9.94740009307861,18900,0.691500008106232,7,7,11,1,1,18.8999996185303,NA,1
0,0,0,3,36,16,NA,0,2500,37,17,19,48300,0.461499989032745,7,12,9.5,1,6,48.2999992370605,NA,36
0,0,0,3,38,12,NA,0,3173,46,14,7.48820018768311,24470,0.661499977111816,14,14,9.5,1,12,24.4699993133545,NA,144
0,0,0,3,37,16,NA,0,2916,38,17,9.25899982452393,28630,0.621500015258789,16,7,7.5,1,6,28.6299991607666,NA,36
0,0,0,0,47,12,NA,0,2208,51,12,11.3219995498657,25320,0.621500015258789,12,7,5,1,9,25.3199996948242,NA,81
0,0,0,3,47,12,NA,0,2094,47,10,6.44700002670288,13530,0.751500010490417,12,10,7.5,1,14,13.5299997329712,NA,196
0,0,1,1,32,12,NA,0,2250,33,12,6.57779979705811,14800,0.721499979496002,7,7,9,1,13,14.8000001907349,NA,169
0,0,1,2,43,12,NA,0,2000,46,12,6.09999990463257,17400,0.751500010490417,12,7,7.5,0,8,17.3999996185303,NA,64
0,0,1,4,42,11,NA,0,2600,48,10,4.23080015182495,15980,0.781499981880188,10,10,3,0,0,15.9799995422363,NA,0
0,0,0,0,56,12,NA,0,4368,57,8,2.21700000762939,16576,0.721499979496002,7,7,7.5,0,1,16.576000213623,NA,1
0,0,0,5,38,13,NA,2.25,3068,40,16,6.51889991760254,21850,0.691500008106232,12,7,11,1,3,21.8500003814697,NA,9
0,0,0,2,52,12,NA,0,2218,51,11,6.49230003356934,14600,0.721499979496002,7,7,14,1,13,14.6000003814697,NA,169
0,0,0,0,50,12,NA,0,1848,56,12,11.3640003204346,21600,0.661499977111816,12,12,7.5,1,3,21.6000003814697,NA,9
0,0,0,0,33,16,NA,0,2430,33,17,9.87650012969971,24000,0.661499977111816,12,12,7.5,1,8,24,NA,64
0,0,0,2,44,16,NA,0,2640,44,17,7.65759992599487,20883,0.691500008106232,7,7,7.5,1,8,20.882999420166,NA,64
0,0,0,1,41,12,NA,0,2108,42,16,8.3016996383667,19500,0.691500008106232,7,7,14,0,18,19.5,NA,324
0,0,0,1,45,12,NA,0,1998,45,12,14.1140003204346,42800,0.621500015258789,14,12,11,1,2,42.7999992370605,NA,4
0,0,0,0,53,14,NA,0,2500,55,16,16,41500,0.521499991416931,7,7,7.5,0,3,41.5,NA,9
0,0,0,0,53,14,NA,0,1665,56,17,11.2910003662109,18965,0.691500008106232,12,12,14,1,5,18.9650001525879,NA,25
0,0,0,1,42,12,NA,0,2990,46,12,2.33949995040894,16100,0.721499979496002,12,10,9.5,1,2,16.1000003814697,NA,4
0,0,2,0,32,13,NA,0,1795,35,16,7.79939985275269,14700,0.721499979496002,12,17,7.5,1,10,14.6999998092651,NA,100
0,0,0,0,56,12,NA,0,2500,53,12,6,18800,0.721499979496002,7,7,7.5,1,30,18.7999992370605,NA,900
0,0,1,3,37,11,NA,0,2205,40,11,6.68930006027222,14750,0.751500010490417,10,7,11,1,1,14.75,NA,1
0,0,1,2,40,12,NA,0,2460,42,14,8.53660011291504,21000,0.691500008106232,12,7,14,1,5,21,NA,25
0,0,0,3,54,15,NA,0,1880,55,16,13.8299999237061,35400,0.621500015258789,0,7,7.5,1,8,35.4000015258789,NA,64
0,0,0,0,53,7,NA,0,3481,53,9,1.48000001907349,10700,0.751500010490417,7,7,7.5,0,0,10.6999998092651,NA,0
0,0,0,1,48,12,NA,0,2450,51,12,8.5713996887207,24500,0.661499977111816,7,7,9.5,1,4,24.5,NA,16
0,0,1,2,36,12,NA,0,2062,38,14,8.22990036010742,17045,0.721499979496002,7,7,9.5,1,2,17.0450000762939,NA,4
0,0,0,0,57,12,NA,0,2146,52,14,8.38770008087158,18800,0.691500008106232,7,7,7.5,1,30,18.7999992370605,NA,900
0,0,0,0,51,12,NA,0,1575,49,7,7.36509990692139,14000,0.721499979496002,10,7,14,1,25,14,NA,625
0,0,0,4,33,13,NA,0,3096,37,12,3.44149994850159,18214,0.721499979496002,7,0,3,0,3,18.2140007019043,NA,9
0,0,0,0,52,12,NA,0,3280,49,11,3.35369992256165,20177,0.751500010490417,7,7,7.5,1,20,20.1770000457764,NA,400
0,0,0,0,56,10,NA,0,1680,60,8,2.97620010375977,8300,0.781499981880188,0,7,7.5,1,20,8.30000019073486,NA,400
0,0,1,2,36,12,NA,0,2625,38,11,5.18100023269653,14200,0.751500010490417,14,9,7.5,1,0,14.1999998092651,NA,0
0,0,1,0,36,14,NA,0,1846,50,16,10.2930002212524,21768,0.691500008106232,12,12,7.5,0,15,21.7679996490479,NA,225
0,0,0,1,46,12,NA,0,2178,47,10,13.2430000305176,29553,0.581499993801117,10,7,14,1,10,29.55299949646,NA,100
0,0,0,3,31,10,NA,0,960,33,9,3.64580011367798,4350,0.941500008106232,7,7,7.5,0,4,4.34999990463257,NA,16
0,0,0,0,52,11,NA,0,2210,51,12,10.4069995880127,24000,0.661499977111816,7,7,11,1,3,24,NA,9
0,0,0,2,46,12,NA,0,2192,55,12,8.21170043945312,18300,0.691500008106232,7,7,7.5,1,10,18.2999992370605,NA,100
0,0,2,0,35,12,NA,0,1960,44,16,8.67350006103516,17200,0.721499979496002,7,3,7.5,1,9,17.2000007629395,NA,81
0,0,0,0,59,12,NA,0,1920,56,10,8.32079982757568,16476,0.691500008106232,7,7,14,0,7,16.4759998321533,NA,49
0,0,0,1,36,8,NA,0,2286,40,12,4.28700017929077,13400,0.751500010490417,0,0,14,0,12,13.3999996185303,NA,144
0,0,1,3,51,7,NA,0,2000,52,7,10.5,44988,0.521499991416931,3,3,14,0,0,44.9879989624023,NA,0
0,0,1,0,31,16,NA,0,2256,31,12,7.97870016098022,18200,0.691500008106232,12,12,9,1,16,18.2000007629395,NA,256
0,0,0,2,31,14,NA,0,2370,36,17,11.8140001296997,28000,0.621500015258789,12,12,14,1,4,28,NA,16
0,0,1,1,32,12,NA,0,1800,39,13,6.11110019683838,11550,0.751500010490417,12,12,7.5,1,7,11.5500001907349,NA,49
0,0,1,2,35,16,NA,0,2250,38,16,12.5780000686646,28450,0.621500015258789,12,7,14,1,7,28.4500007629395,NA,49
0,0,0,3,40,12,NA,4.09999990463257,1080,43,12,11.2440004348755,15096,0.751500010490417,7,10,7.5,1,14,15.0959997177124,NA,196
0,0,1,2,33,10,NA,0,2840,38,12,2.74079990386963,8009,0.781499981880188,7,7,14,0,2,8.00899982452393,NA,4
0,0,0,0,54,7,NA,0,2250,52,11,4.4443998336792,10040,0.751500010490417,0,0,3,1,20,10.039999961853,NA,400
0,0,1,1,36,12,NA,0,2746,37,12,5.82670021057129,16700,0.721499979496002,12,12,7.5,1,5,16.7000007629395,NA,25
0,0,0,1,50,10,NA,0,2300,60,8,2.3478000164032,8400,0.781499981880188,12,7,3,0,10,8.39999961853027,NA,100
0,0,0,0,54,8,NA,0,2860,49,8,4.47550010681152,13000,0.721499979496002,0,0,3,0,20,13,NA,400
0,0,0,1,48,11,NA,0,1765,49,12,8.49860000610352,17970,0.721499979496002,7,7,7.5,1,10,17.9699993133545,NA,100
0,0,0,4,41,15,NA,0,2520,42,16,7.18249988555908,18450,0.721499979496002,14,17,5,0,8,18.4500007629395,NA,64
0,0,0,4,50,12,NA,0,2208,53,12,10.8699998855591,31000,0.661499977111816,12,7,14,1,11,31,NA,121
0,0,0,2,46,12,NA,0,2119,51,8,7.12220001220703,24135,0.721499979496002,10,7,7.5,1,3,24.1350002288818,NA,9
0,0,0,1,42,13,NA,0,2580,47,17,10.6591997146606,31700,0.581499993801117,12,12,7.5,0,6,31.7000007629395,NA,36
0,0,1,2,31,9,NA,0,1984,34,12,3.27620005607605,10190,0.791499972343445,3,3,14,0,4,10.1899995803833,NA,16
0,0,0,0,53,12,NA,0,1880,58,8,7.75209999084473,21574,0.721499979496002,10,10,14,0,4,21.5739994049072,NA,16
0,0,0,1,51,12,NA,0,2185,57,12,11.9449996948242,26680,0.621500015258789,3,3,7.5,1,9,26.6800003051758,NA,81
0,0,0,1,47,12,NA,0,2080,57,12,4.6153998374939,17700,0.751500010490417,7,9,11,1,10,17.7000007629395,NA,100
0,0,0,1,50,12,NA,0,1920,50,12,13.0209999084473,29400,0.621500015258789,12,12,14,1,3,29.3999996185303,NA,9
0,0,0,1,37,6,NA,0,3000,52,5,2.66669988632202,22159,0.751500010490417,7,7,7.5,0,2,22.1590003967285,NA,4
0,0,2,2,30,12,NA,0,2100,31,12,8.83329963684082,35000,0.581499993801117,12,12,11,0,2,35,NA,4
0,0,0,0,49,12,NA,0,1690,39,12,2.3668999671936,8630,0.791499972343445,16,16,5,1,0,8.63000011444092,NA,0
0,0,0,2,52,12,NA,0,2600,49,16,5,17080,0.751500010490417,7,0,14,1,8,17.0799999237061,NA,64
0,0,0,2,47,12,NA,0,1984,49,16,7.45970010757446,32500,0.721499979496002,10,7,14,1,6,32.5,NA,36
0,0,0,0,49,12,NA,0,2064,53,12,7.75190019607544,16000,0.721499979496002,7,7,11,1,15,16,NA,225
0,0,0,4,44,12,NA,0,2553,31,16,5.40539979934692,18850,0.751500010490417,12,10,14,1,15,18.8500003814697,NA,225
0,0,0,0,53,8,NA,0,2776,59,9,6.12389993667603,17500,0.691500008106232,9,9,9.5,1,9,17.5,NA,81
0,0,1,0,30,12,NA,0,2315,31,13,8.33689975738525,19392,0.691500008106232,7,12,14,0,8,19.3920001983643,NA,64
0,0,0,2,54,12,NA,0,1880,55,12,7.12769985198975,14450,0.721499979496002,7,10,7.5,1,18,14.4499998092651,NA,324
0,0,1,1,47,7,NA,0,2160,51,7,6.12039995193481,21800,0.691500008106232,0,0,7.5,1,3,21.7999992370605,NA,9
0,0,0,0,56,15,NA,0,900,56,12,3.1110999584198,7700,0.751500010490417,7,7,14,1,10,7.69999980926514,NA,100
0,0,0,1,49,12,NA,0,2467,52,16,12.16100025177,31800,0.581499993801117,7,7,11,0,6,31.7999992370605,NA,36
0,0,0,0,48,6,NA,0,1820,55,12,5.3846001625061,17258,0.751500010490417,7,7,9.5,1,20,17.257999420166,NA,400
0,0,0,1,49,12,NA,0,2223,53,10,3.98379993438721,13399,0.751500010490417,10,12,9.5,0,8,13.3990001678467,NA,64
0,0,0,1,56,12,NA,0,2142,60,12,7.46969985961914,16073,0.721499979496002,12,16,11,0,3,16.0729999542236,NA,9
0,0,0,0,46,12,NA,0,1928,46,11,11.41100025177,23260,0.661499977111816,7,7,7.5,1,4,23.2600002288818,NA,16
0,0,0,2,45,12,NA,0,2783,49,17,12.9359998703003,37300,0.551500022411346,12,12,14,1,13,37.2999992370605,NA,169
0,0,0,2,32,12,NA,0,1960,35,12,5.6121997833252,11000,0.751500010490417,12,7,11,1,4,11,NA,16
0,0,1,1,43,12,NA,2.70000004768372,1920,41,12,6.80989980697632,13075,0.751500010490417,7,7,14,1,17,13.0749998092651,NA,289
0,0,1,1,34,12,NA,0,1587,39,12,8.50660037994385,13700,0.721499979496002,7,7,9.5,1,4,13.6999998092651,NA,16
0,0,1,1,30,12,NA,0,2496,51,10,5.50799989700317,25100,0.661499977111816,7,10,5,0,0,25.1000003814697,NA,0
0,0,2,0,38,17,NA,4.80000019073486,2280,39,12,7.22849988937378,18600,0.691500008106232,12,16,5,1,15,18.6000003814697,NA,225
0,0,1,1,33,16,NA,0,2750,36,17,9.45450019836426,29000,0.621500015258789,16,16,9.5,0,11,29,NA,121
0,0,0,0,52,12,NA,0,2115,55,12,8.98349952697754,19237,0.691500008106232,7,7,9.5,1,23,19.2369995117188,NA,529
0,0,0,3,43,11,NA,0,2590,45,12,5.98460006713867,19855,0.721499979496002,12,14,7.5,1,1,19.8549995422363,NA,1
0,0,1,1,33,12,NA,0,2372,34,12,3.96289992332458,9450,0.751500010490417,12,7,9.5,0,5,9.44999980926514,NA,25
0,0,0,0,45,10,NA,0,2295,48,12,7.05749988555908,30000,0.581499993801117,7,7,7.5,0,1,30,NA,1
0,0,2,1,36,10,NA,0,2096,38,12,7.1564998626709,15000,0.721499979496002,10,10,14,1,5,15,NA,25
0,0,1,1,34,12,NA,0,3315,39,17,4.0145001411438,24701,0.661499977111816,12,12,9.5,1,3,24.701000213623,NA,9
0,0,0,2,37,14,NA,0,1777,50,16,3.88289999961853,15900,0.721499979496002,10,14,11,0,3,15.8999996185303,NA,9
0,0,0,1,46,10,NA,0,1880,51,12,7.97870016098022,16240,0.721499979496002,7,7,11,0,19,16.2399997711182,NA,361
0,0,0,0,47,12,NA,0,2184,55,10,5.03660011291504,21100,0.751500010490417,12,12,9.5,1,20,21.1000003814697,NA,400
0,0,2,1,31,16,NA,0,3250,32,16,7.07690000534058,23000,0.661499977111816,12,12,7.5,1,5,23,NA,25
0,0,0,0,57,5,NA,0,1520,58,5,3.61840009689331,6340,0.771499991416931,7,7,14,0,0,6.34000015258789,NA,0
0,0,1,1,30,12,NA,0,3119,30,13,13.4659996032715,42250,0.491499990224838,10,10,5,1,3,42.25,NA,9
0,0,0,0,30,12,NA,0,640,43,17,14.5310001373291,14694,0.721499979496002,12,10,11,1,3,14.6940002441406,NA,9
0,0,0,3,44,12,NA,0,2250,45,12,6.80000019073486,21417,0.721499979496002,12,12,9.5,1,7,21.4169998168945,NA,49
0,0,0,0,53,13,NA,0,3000,53,13,6.66669988632202,20200,0.661499977111816,7,12,7.5,1,7,20.2000007629395,NA,49
0,0,0,0,51,8,NA,0,2028,54,8,5.91720008850098,12090,0.721499979496002,7,7,9.5,1,1,12.0900001525879,NA,1
0,0,1,3,39,12,NA,0,2412,36,14,10.2399997711182,24760,0.661499977111816,12,7,5,1,13,24.7600002288818,NA,169
0,0,0,0,52,8,NA,0,2452,54,12,8.15659999847412,23000,0.691500008106232,7,3,3,0,0,23,NA,0
0,0,0,4,46,8,NA,0,2304,50,12,6.67749977111816,19365,0.721499979496002,3,3,11,1,0,19.3649997711182,NA,0
0,0,0,5,47,12,NA,0,3120,49,12,0.961499989032745,5550,0.941500008106232,7,7,3,0,12,5.55000019073486,NA,144
0,0,0,2,52,8,NA,0,1670,54,8,16.9069995880127,68035,0.441500008106232,7,3,7.5,1,0,68.0350036621094,NA,0
0,0,0,2,45,12,NA,0,2137,46,15,13.5699996948242,29300,0.621500015258789,10,14,7.5,1,5,29.2999992370605,NA,25
0,0,0,0,60,11,NA,0,2071,52,11,8.93290042877197,18500,0.691500008106232,7,7,7.5,1,45,18.5,NA,2025
0,0,0,2,41,13,NA,0,1960,54,7,4.7371997833252,22582,0.721499979496002,17,7,11,0,10,22.5820007324219,NA,100
0,0,0,3,39,8,NA,0,2068,45,12,8.51060009002686,21500,0.721499979496002,7,7,7.5,1,2,21.5,NA,4
0,0,0,1,49,12,NA,0,2190,51,12,5.25110006332397,28070,0.751500010490417,7,7,7.5,0,3,28.0699996948242,NA,9
0,0,1,1,32,15,NA,0,2295,37,13,21.7859992980957,50300,0.441500008106232,12,12,14,1,1,50.2999992370605,NA,1
0,0,1,3,33,12,NA,0,2970,34,13,7.91249990463257,23500,0.661499977111816,12,12,14,1,5,23.5,NA,25
0,0,0,4,36,10,NA,0,2068,37,8,7.10830020904541,15500,0.751500010490417,7,9,14,0,10,15.5,NA,100
0,0,3,3,37,13,NA,0,2419,39,14,5.04339981079102,13440,0.771499991416931,7,0,5,0,4,13.4399995803833,NA,16
0,0,1,2,30,12,NA,0,2150,34,11,2.2441999912262,8100,0.781499981880188,12,12,11,0,7,8.10000038146973,NA,49
0,0,1,1,44,11,NA,0,1152,37,10,8.5068998336792,9800,0.751500010490417,7,12,9.5,1,9,9.80000019073486,NA,81
0,0,0,1,48,12,NA,0,2640,49,12,7.5757999420166,20300,0.691500008106232,7,12,5,1,5,20.2999992370605,NA,25
0,0,0,4,40,11,NA,0,2550,45,11,5.88240003585815,15000,0.751500010490417,7,7,14,1,4,15,NA,16
0,0,0,0,47,13,NA,0,1360,49,16,40.4410018920898,56100,0.441500008106232,9,9,5,1,11,56.0999984741211,NA,121
0,0,0,2,36,12,NA,0,2420,40,12,6.23390007019043,22846,0.721499979496002,12,7,5,1,9,22.8460006713867,NA,81
0,0,0,2,40,11,NA,0,2205,42,14,9.29710006713867,22225,0.691500008106232,7,12,5,1,4,22.2250003814697,NA,16
0,0,0,1,46,12,NA,0,3268,46,12,0.703800022602081,17635,0.941500008106232,12,7,7.5,1,2,17.6350002288818,NA,4
0,0,0,0,52,12,NA,0,3672,54,12,2.54250001907349,18500,0.691500008106232,3,12,7.5,0,23,18.5,NA,529
0,0,0,1,44,12,NA,0,1800,45,12,5.08330011367798,13390,0.751500010490417,12,12,11,0,3,13.3900003433228,NA,9
0,0,0,1,45,10,NA,0,1926,46,14,7.6842999458313,15150,0.721499979496002,7,7,7.5,1,15,15.1499996185303,NA,225
0,0,2,1,30,7,NA,0,1920,35,7,4.0625,16200,0.781499981880188,7,3,7.5,0,8,16.2000007629395,NA,64
0,0,1,3,40,12,NA,0,2080,44,12,6.51060009002686,33920,0.661499977111816,12,12,14,1,3,33.9199981689453,NA,9
0,0,0,1,43,12,NA,0,2856,43,12,2.95099997520447,14000,0.721499979496002,7,12,7.5,0,25,14,NA,625
0,0,0,2,49,12,NA,0,2115,53,10,5.67379999160767,16736,0.751500010490417,12,3,11,1,2,16.7360000610352,NA,4
0,0,1,4,46,12,NA,3.45000004768372,1880,48,12,12.7659997940063,30650,0.661499977111816,12,12,11,1,0,30.6499996185303,NA,0
0,0,0,0,52,11,NA,0,2000,52,12,6,12400,0.751500010490417,7,7,11,0,19,12.3999996185303,NA,361
0,0,1,1,31,12,NA,0,2044,33,15,9.29549980163574,19022,0.691500008106232,7,10,9.5,1,3,19.0219993591309,NA,9
0,0,1,1,42,10,NA,0,1677,47,11,5.13240003585815,11203,0.751500010490417,7,7,5,0,7,11.2030000686646,NA,49
0,0,0,3,33,11,NA,0,2184,38,8,9.06589984893799,19876,0.691500008106232,7,14,7.5,1,1,19.8759994506836,NA,1
0,0,0,0,57,16,NA,0,3185,57,13,11.9309997558594,57000,0.441500008106232,7,12,14,1,9,57,NA,81
0,0,0,0,49,10,NA,0,2680,51,10,6.71640014648438,18290,0.691500008106232,10,10,11,1,3,18.2900009155273,NA,9
0,0,0,1,45,14,NA,0,3615,47,14,4.5851001739502,20220,0.691500008106232,14,12,11,1,8,20.2199993133545,NA,64
0,0,0,0,56,11,NA,0,2139,56,12,9.25669956207275,22150,0.691500008106232,7,7,14,1,0,22.1499996185303,NA,0
0,0,1,3,41,12,NA,0,3080,43,12,8.56560039520264,30623,0.621500015258789,10,10,7.5,1,5,30.6229991912842,NA,25
0,0,0,0,56,5,NA,0,1261,53,6,6.74069976806641,9380,0.751500010490417,3,3,14,1,20,9.38000011444092,NA,400
0,0,0,1,48,10,NA,0,2227,48,10,9.87880039215088,22000,0.691500008106232,7,7,5,1,3,22,NA,9
0,0,0,2,52,16,NA,0,1920,53,16,9.375,23675,0.661499977111816,12,10,7.5,1,12,23.6749992370605,NA,144
0,0,0,0,51,12,NA,0,2350,55,12,6.27699995040894,33671,0.721499979496002,7,7,14,1,5,33.6710014343262,NA,25
0,0,0,3,35,11,NA,0,1785,39,10,6.42409992218018,12367,0.751500010490417,7,7,7.5,0,1,12.3669996261597,NA,1
0,0,0,0,45,12,NA,0,2598,51,12,8.37180042266846,21950,0.661499977111816,7,7,5,0,0,21.9500007629395,NA,0
0,0,0,0,54,12,NA,0,2455,58,17,12.2200002670288,32000,0.581499993801117,7,7,9.5,1,7,32,NA,49
0,0,0,2,54,12,NA,0,2450,54,13,3.56119990348816,22610,0.721499979496002,10,10,9.5,1,13,22.6100006103516,NA,169
0,0,1,0,31,12,NA,0,1218,32,8,8.86699962615967,12092,0.751500010490417,7,7,3,0,3,12.0920000076294,NA,9
0,0,0,3,53,6,NA,0,2040,54,4,1.85150003433228,3777,0.941500008106232,7,7,11,0,0,3.77699995040894,NA,0
0,0,2,2,35,14,NA,0,2600,34,14,8.07689952850342,36000,0.551500022411346,16,14,3,0,2,36,NA,4
0,0,1,3,36,12,NA,0,2450,40,16,8.97959995269775,26900,0.661499977111816,12,16,7.5,0,0,26.8999996185303,NA,0
0,0,0,0,59,12,NA,0,2717,60,12,6.66179990768433,32242,0.661499977111816,7,7,11,1,2,32.242000579834,NA,4
0,0,0,0,54,16,NA,0,2701,54,17,11.1070003509521,35020,0.581499993801117,16,17,5,1,1,35.0200004577637,NA,1
0,0,1,1,37,12,NA,0,2600,47,17,14.0769996643066,37600,0.551500022411346,7,7,9,1,10,37.5999984741211,NA,100
0,0,0,0,44,12,NA,0,3640,54,10,0.412099987268448,1500,0.941500008106232,7,7,7.5,1,10,1.5,NA,100
0,0,1,2,34,17,NA,0,2940,40,16,23.8099994659424,96000,0.441500008106232,12,12,5,1,1,96,NA,1
0,0,0,0,49,12,NA,0,1880,50,12,9.57450008392334,18150,0.691500008106232,7,7,11,0,3,18.1499996185303,NA,9
0,0,0,0,49,12,NA,0,3500,51,12,1.92859995365143,15500,0.721499979496002,7,7,3,0,32,15.5,NA,1024
0,0,0,0,60,9,NA,0,3320,60,8,2.57829999923706,14000,0.721499979496002,7,7,3,0,0,14,NA,0
0,0,0,0,51,12,NA,0,1605,55,12,7.2273998260498,14756,0.721499979496002,7,7,7.5,1,7,14.7559995651245,NA,49
0,0,1,1,30,12,NA,0,2500,30,14,8.80000019073486,22000,0.661499977111816,12,10,5,1,5,22,NA,25
0,0,0,2,47,12,NA,0,2400,49,9,7.75,24466,0.661499977111816,7,7,11,1,2,24.4659996032715,NA,4
0,0,0,4,36,12,NA,0,1634,45,17,14.6879997253418,24400,0.661499977111816,12,12,7.5,1,5,24.3999996185303,NA,25
0,0,1,3,35,12,NA,0,2260,38,12,10.4870004653931,24000,0.661499977111816,7,7,9.5,1,3,24,NA,9
0,0,0,0,58,12,NA,0,3478,53,12,4.02530002593994,15500,0.721499979496002,12,9,11,0,25,15.5,NA,625
0,0,1,3,41,14,NA,0,2550,42,16,11.7650003433228,30800,0.621500015258789,14,12,7.5,0,0,30.7999992370605,NA,0
0,0,0,1,51,10,NA,0,840,52,8,9.52379989624023,10660,0.751500010490417,7,7,14,1,3,10.6599998474121,NA,9
0,0,0,0,47,12,NA,0,1520,52,12,6.90789985656738,13350,0.721499979496002,7,7,11,0,10,13.3500003814697,NA,100
0,0,1,2,45,9,NA,0,1920,35,9,5.15100002288818,10090,0.751500010490417,12,3,11,0,10,10.0900001525879,NA,100
0,0,0,0,60,14,NA,0,2703,55,17,20.496000289917,55600,0.441500008106232,16,14,14,1,7,55.5999984741211,NA,49
0,0,1,1,30,16,NA,2,1896,46,16,13.5550003051758,25700,0.661499977111816,12,12,9.5,1,5,25.7000007629395,NA,25
0,0,0,0,55,11,NA,0,1960,57,13,14.7959995269775,29000,0.581499993801117,7,3,5,1,15,29,NA,225
0,0,1,2,32,12,NA,0,3060,50,8,1.69050002098083,7286,0.781499981880188,10,7,3,0,1,7.28599977493286,NA,1
0,0,0,2,36,12,NA,0,2805,38,12,7.22959995269775,37752,0.521499991416931,7,7,3,0,5,37.7519989013672,NA,25
0,0,0,0,55,12,NA,0,1944,53,7,4.11520004272461,13072,0.751500010490417,3,3,14,0,9,13.0719995498657,NA,81
0,0,0,0,47,12,NA,0,1960,47,12,2.99900007247925,7044,0.771499991416931,3,3,14,0,18,7.04400014877319,NA,324
0,0,0,1,47,12,NA,0,2112,52,8,8.0492000579834,18200,0.691500008106232,7,7,14,1,1,18.2000007629395,NA,1
0,0,0,1,37,11,NA,0,2544,39,12,8.57699966430664,27000,0.621500015258789,12,7,3,0,0,27,NA,0
0,0,0,2,50,12,NA,0,1700,53,17,9.32349967956543,30300,0.581499993801117,10,12,3,0,6,30.2999992370605,NA,36
0,0,0,3,30,12,NA,0,2550,31,12,4.70590019226074,12000,0.751500010490417,3,7,14,0,1,12,NA,1
0,0,0,1,48,17,NA,0,2080,45,17,9.13459968566895,31500,0.661499977111816,16,17,3,0,2,31.5,NA,4
0,0,0,2,43,10,NA,0,2060,49,12,7.76700019836426,27092,0.721499979496002,10,10,5,1,15,27.0919990539551,NA,225
0,0,1,0,48,11,NA,0,1955,46,8,4.12690019607544,20968,0.751500010490417,7,7,3,0,25,20.9680004119873,NA,625
0,0,1,2,41,14,NA,0,2500,44,17,10,27000,0.661499977111816,17,7,14,1,1,27,NA,1
0,0,0,0,50,12,NA,0,2750,52,10,4.07270002365112,11225,0.751500010490417,7,10,7.5,1,0,11.2250003814697,NA,0
0,0,0,0,58,8,NA,0,2040,59,5,7.85290002822876,37700,0.581499993801117,3,3,7.5,0,0,37.7000007629395,NA,0
0,0,0,5,38,13,NA,0,3275,43,15,7.81680011749268,28200,0.661499977111816,12,16,7.5,1,0,28.2000007629395,NA,0
0,0,0,1,37,12,NA,0,2400,39,12,9.16670036315918,34000,0.661499977111816,7,12,5,0,8,34,NA,64
0,0,0,0,50,16,NA,0,2024,51,17,29.6439990997314,63200,0.441500008106232,12,7,9.5,1,22,63.2000007629395,NA,484
0,0,0,4,42,8,NA,0,1840,44,6,4.07609987258911,7500,0.791499972343445,3,3,7.5,1,5,7.5,NA,25
0,0,1,3,37,9,NA,0,2033,37,17,8.36200046539307,17410,0.721499979496002,10,10,9.5,1,10,17.4099998474121,NA,100
0,0,0,2,41,16,NA,0,1946,40,17,12.0620002746582,51000,0.441500008106232,16,17,9,1,1,51,NA,1
0,0,0,2,31,12,NA,0,3660,31,12,2.32509994506836,12916,0.751500010490417,10,7,3,0,1,12.9160003662109,NA,1
0,0,0,0,51,12,NA,0,2088,55,11,10.0100002288818,21900,0.661499977111816,7,7,5,1,6,21.8999996185303,NA,36
0,0,1,2,36,12,NA,0,2048,41,12,5.2733998298645,17640,0.751500010490417,7,7,5,0,4,17.6399993896484,NA,16
0,0,0,0,54,15,NA,0,1920,52,15,10.4169998168945,20000,0.691500008106232,14,16,14,0,6,20,NA,36
0,0,0,0,49,12,NA,0,2000,54,12,7.5,15000,0.721499979496002,7,7,14,1,0,15,NA,0
0,0,1,1,48,9,NA,0,2204,47,8,6.35209989547729,14060,0.721499979496002,10,12,5,0,1,14.0600004196167,NA,1
0,0,0,2,42,9,NA,0,3157,45,10,3.80710005760193,15825,0.721499979496002,7,14,9.5,0,3,15.8249998092651,NA,9
0,0,1,2,41,12,NA,0,1665,44,14,9.90989971160889,16510,0.721499979496002,3,16,9.5,1,15,16.5100002288818,NA,225
0,0,0,0,55,16,NA,0,2304,56,11,2.67009997367859,13000,0.721499979496002,12,12,7.5,0,33,13,NA,1089
0,0,0,0,42,9,NA,0,2275,46,8,4.39559984207153,10000,0.751500010490417,7,7,5,1,2,10,NA,4
0,0,0,1,32,15,NA,0,2760,33,17,7.97100019454956,22000,0.661499977111816,12,12,7.5,1,1,22,NA,1
0,0,0,2,43,12,NA,0,1750,44,14,15.4289999008179,29800,0.581499993801117,7,7,7.5,1,10,29.7999992370605,NA,100
0,0,1,3,33,12,NA,0,3366,37,13,1.98539996147156,15000,0.721499979496002,7,7,5,1,0,15,NA,0
0,0,0,1,48,15,NA,0,2205,51,16,7.25619983673096,22300,0.721499979496002,10,14,9.5,1,14,22.2999992370605,NA,196
0,0,0,2,43,12,NA,0,1990,48,9,7.03520011901855,14550,0.721499979496002,3,16,7.5,1,15,14.5500001907349,NA,225
0,0,1,3,47,17,NA,0,1930,57,16,8.13469982147217,19730,0.691500008106232,14,12,7.5,1,15,19.7299995422363,NA,225
0,0,0,0,54,12,NA,0,1350,60,12,11.9809999465942,35000,0.551500022411346,12,12,7.5,1,10,35,NA,100
0,0,0,1,51,12,NA,0,3340,52,12,5.99219989776611,21014,0.661499977111816,7,3,7.5,1,6,21.0139999389648,NA,36
0,0,0,1,51,10,NA,0,960,57,10,4.14580011367798,10876,0.751500010490417,14,7,7.5,0,18,10.8760004043579,NA,324
0,0,1,1,43,13,NA,0,2732,42,13,8.51019954681396,27850,0.621500015258789,12,10,7.5,0,15,27.8500003814697,NA,225
0,0,0,0,53,12,NA,0,1624,59,8,2.96309995651245,9560,0.751500010490417,0,3,3,0,30,9.5600004196167,NA,900
0,0,1,1,34,11,NA,0,1804,36,12,8.81490039825439,30300,0.621500015258789,7,7,7.5,0,15,30.2999992370605,NA,225
0,0,1,1,31,8,NA,0,2805,31,10,2.49550008773804,7720,0.781499981880188,7,7,7.5,0,10,7.71999979019165,NA,100
0,0,0,0,56,12,NA,0,2160,59,8,4.88430023193359,10550,0.751500010490417,10,7,7.5,1,0,10.5500001907349,NA,0
0,0,0,1,42,16,NA,0,2052,55,15,10.1999998092651,24106,0.661499977111816,12,7,9.5,1,0,24.1060009002686,NA,0
0,0,0,2,32,12,NA,0,2250,35,16,10,22995,0.661499977111816,12,14,9.5,1,4,22.9950008392334,NA,16
0,0,1,3,35,12,NA,0,1120,37,12,5.35710000991821,6000,0.801500022411346,12,12,9.5,1,0,6,NA,0
0,0,1,1,30,12,NA,0,2450,36,14,9.79590034484863,24350,0.661499977111816,14,14,9.5,1,3,24.3500003814697,NA,9
0,0,0,0,51,10,NA,0,3432,50,11,1.37409996986389,7608,0.771499991416931,7,7,7.5,0,20,7.60799980163574,NA,400
0,0,0,3,47,12,NA,0,2700,48,12,3.46300005912781,28200,0.721499979496002,7,7,3,0,3,28.2000007629395,NA,9
0,0,0,1,54,12,NA,0,2817,55,13,5.04080009460449,16150,0.721499979496002,3,7,3,0,1,16.1499996185303,NA,1
0,0,3,0,31,15,NA,0,3000,34,17,16.6669998168945,51200,0.441500008106232,7,10,7.5,1,5,51.2000007629395,NA,25
0,0,0,0,47,10,NA,0,2125,45,11,4.32940006256104,12646,0.751500010490417,7,7,5,1,7,12.6459999084473,NA,49
0,0,0,3,47,14,NA,0,1864,42,16,10.1929998397827,19000,0.691500008106232,7,7,11,1,6,19,NA,36
0,0,0,3,40,12,NA,0,2400,39,12,7.58330011367798,19000,0.721499979496002,7,7,7.5,1,2,19,NA,4
0,0,0,0,48,8,NA,0,2160,50,7,4.12039995193481,14400,0.751500010490417,3,3,7.5,0,0,14.3999996185303,NA,0
0,0,0,7,34,8,NA,0,1040,51,7,4.80770015716553,7232,0.941500008106232,3,7,11,1,10,7.23199987411499,NA,100
0,0,0,3,38,12,NA,0,2450,42,16,3.15310001373291,21943,0.751500010490417,7,10,9.5,1,6,21.943000793457,NA,36
0,0,1,3,32,12,NA,0,2500,34,16,19,47500,0.461499989032745,7,10,7.5,1,4,47.5,NA,16
0,0,0,1,48,16,NA,0,2131,45,17,6.05350017547607,28900,0.621500015258789,12,7,7.5,1,8,28.8999996185303,NA,64
0,0,0,2,41,12,NA,0,2165,46,7,3.78749990463257,12400,0.771499991416931,7,7,7.5,0,18,12.3999996185303,NA,324
0,0,0,2,49,5,NA,0,2230,43,3,2.92869997024536,6531,0.781499981880188,0,0,7.5,0,7,6.5310001373291,NA,49
0,0,0,0,59,8,NA,0,1995,55,12,9.29720020294189,22422,0.691500008106232,3,7,11,1,15,22.4220008850098,NA,225
0,0,0,0,58,13,NA,0,2025,57,16,9.38269996643066,22200,0.661499977111816,7,7,11,1,7,22.2000007629395,NA,49
0,0,0,3,41,12,NA,0,2450,48,15,26.5310001373291,77000,0.441500008106232,7,14,14,1,8,77,NA,64
0,0,0,2,45,12,NA,0,2160,45,12,40.5089988708496,88000,0.441500008106232,10,10,14,1,8,88,NA,64
0,0,1,1,30,14,NA,0,1715,32,17,15.1599998474121,26040,0.621500015258789,12,10,11,0,3,26.0400009155273,NA,9
0,0,0,1,41,12,NA,0,3018,42,16,18.9640007019043,63500,0.441500008106232,7,7,7.5,1,10,63.5,NA,100
0,0,2,0,30,12,NA,0,2216,33,16,5.41520023345947,12100,0.751500010490417,10,10,7.5,0,9,12.1000003814697,NA,81
0,0,0,1,53,12,NA,0,2499,54,12,1.99880003929138,17505,0.751500010490417,12,7,7.5,1,24,17.5049991607666,NA,576
0,0,0,0,31,12,NA,0,2250,37,14,8,18000,0.691500008106232,10,7,7.5,0,12,18,NA,144
0,0,0,2,43,14,NA,0,2116,44,17,11.1529998779297,28069,0.661499977111816,12,12,11,1,2,28.0690002441406,NA,4
0,0,1,1,31,12,NA,0,2016,30,14,5.95240020751953,14000,0.751500010490417,12,14,14,1,6,14,NA,36
0,0,0,0,51,12,NA,0,2470,60,10,2.11940002441406,8117,0.751500010490417,10,3,7.5,1,18,8.11699962615967,NA,324
0,0,0,0,43,9,NA,0,1640,45,12,3.83839988708496,11895,0.771499991416931,7,7,5,1,17,11.8950004577637,NA,289
0,0,1,2,31,14,NA,0,2016,34,16,17.3610000610352,45250,0.491499990224838,16,16,5,1,7,45.25,NA,49
0,0,0,0,48,11,NA,0,2185,48,12,8.00920009613037,31106,0.691500008106232,7,10,9.5,1,6,31.1060009002686,NA,36
0,0,1,1,31,12,NA,0,800,33,14,3,4000,0.801500022411346,12,7,9.5,1,10,4,NA,100
0,0,0,1,44,12,NA,0,3022,46,12,10.58899974823,40500,0.581499993801117,7,7,7.5,1,5,40.5,NA,25
0,0,0,1,48,11,NA,0,1512,50,14,10.9130001068115,21620,0.721499979496002,10,7,7.5,1,7,21.6200008392334,NA,49
0,0,0,1,53,12,NA,0,2677,53,12,5.60330009460449,23426,0.721499979496002,0,0,7.5,1,11,23.4260005950928,NA,121
0,0,0,3,42,10,NA,2.75,3150,44,12,7.93650007247925,26000,0.661499977111816,3,3,11,1,14,26,NA,196
0,0,2,6,39,12,NA,0,1430,34,12,2.9475998878479,7840,0.941500008106232,7,0,9.5,1,5,7.84000015258789,NA,25
0,0,1,2,32,10,NA,0,3307,36,4,2.05620002746582,6800,0.791499972343445,7,3,7.5,0,2,6.80000019073486,NA,4
0,0,0,2,36,12,NA,0,3120,39,12,1.30130004882812,5330,0.791499972343445,7,12,14,0,4,5.32999992370605,NA,16
0,0,0,2,40,13,NA,0,3020,43,16,9.27149963378906,28200,0.621500015258789,10,10,9.5,1,5,28.2000007629395,NA,25
0,0,2,3,31,12,NA,0,2056,33,12,4.86380004882812,10000,0.771499991416931,12,12,7.5,0,14,10,NA,196
0,0,0,0,43,12,NA,0,2383,43,12,1.08980000019073,9952,0.751500010490417,10,3,7.5,0,4,9.95199966430664,NA,16
0,0,0,0,60,12,NA,0,1705,55,8,12.4399995803833,24984,0.621500015258789,12,12,14,1,15,24.9839992523193,NA,225
0,0,0,3,39,9,NA,0,3120,48,12,6.08970022201538,28363,0.691500008106232,7,7,11,1,12,28.363000869751,NA,144
